Verse ID,Book Name,Book Number,Chapter,Verse,Text
49,Genesis,1,2,18,"Yahweh God said, ""It is not good that the man should be alone; I will make him a helper suitable for him."""
71,Genesis,1,3,15,"I will put enmity between you and the woman, and between your offspring and her offspring. He will bruise your head, and you will bruise his heel."""
72,Genesis,1,3,16,"To the woman he said, ""I will greatly multiply your pain in childbirth. In pain you will bring forth children. Your desire will be for your husband, and he will rule over you."""
94,Genesis,1,4,14,"Behold, you have driven me out this day from the surface of the ground. I will be hidden from your face, and I will be a fugitive and a wanderer in the earth. It will happen that whoever finds me will kill me."""
145,Genesis,1,6,7,"Yahweh said, ""I will destroy man whom I have created from the surface of the ground; man, along with animals, creeping things, and birds of the sky; for I am sorry that I have made them."""
151,Genesis,1,6,13,"God said to Noah, ""The end of all flesh has come before me, for the earth is filled with violence through them. Behold, I will destroy them with the earth."
156,Genesis,1,6,18,"But I will establish my covenant with you. You shall come into the ship, you, your sons, your wife, and your sons' wives with you."
164,Genesis,1,7,4,"In seven days, I will cause it to rain on the earth for forty days and forty nights. Every living thing that I have made, I will destroy from the surface of the ground."""
205,Genesis,1,8,21,"Yahweh smelled the pleasant aroma. Yahweh said in his heart, ""I will not again curse the ground any more for man's sake, because the imagination of man's heart is evil from his youth; neither will I ever again strike everything living, as I have done."
211,Genesis,1,9,5,"I will surely require your blood of your lives. At the hand of every animal I will require it. At the hand of man, even at the hand of every man's brother, I will require the life of man."
217,Genesis,1,9,11,"I will establish my covenant with you: all flesh will not be cut off any more by the waters of the flood, neither will there ever again be a flood to destroy the earth."""
221,Genesis,1,9,15,"and I will remember my covenant, which is between me and you and every living creature of all flesh, and the waters will no more become a flood to destroy all flesh."
222,Genesis,1,9,16,"The rainbow will be in the cloud. I will look at it, that I may remember the everlasting covenant between God and every living creature of all flesh that is on the earth."""
300,Genesis,1,12,1,"Now Yahweh said to Abram, ""Get out of your country, and from your relatives, and from your father's house, to the land that I will show you."
301,Genesis,1,12,2,I will make of you a great nation. I will bless you and make your name great. You will be a blessing.
302,Genesis,1,12,3,"I will bless those who bless you, and I will curse him who curses you. All of the families of the earth will be blessed in you."""
306,Genesis,1,12,7,"Yahweh appeared to Abram and said, ""I will give this land to your seed."" He built an altar there to Yahweh, who appeared to him."
328,Genesis,1,13,9,"Isn't the whole land before you? Please separate yourself from me. If you go to the left hand, then I will go to the right. Or if you go to the right hand, then I will go to the left."""
334,Genesis,1,13,15,"for all the land which you see, I will give to you, and to your offspring forever."
335,Genesis,1,13,16,"I will make your offspring as the dust of the earth, so that if a man can number the dust of the earth, then your seed may also be numbered."
336,Genesis,1,13,17,"Arise, walk through the land in its length and in its breadth; for I will give it to you."""
360,Genesis,1,14,23,"that I will not take a thread nor a sandal strap nor anything that is yours, lest you should say, 'I have made Abram rich.'"
361,Genesis,1,14,24,"I will accept nothing from you except that which the young men have eaten, and the portion of the men who went with me: Aner, Eshcol, and Mamre. Let them take their portion."""
362,Genesis,1,15,1,"After these things the word of Yahweh came to Abram in a vision, saying, ""Don't be afraid, Abram. I am your shield, your exceedingly great reward."""
368,Genesis,1,15,7,"He said to him, ""I am Yahweh who brought you out of Ur of the Chaldees, to give you this land to inherit it."""
369,Genesis,1,15,8,"He said, ""Lord Yahweh, how will I know that I will inherit it?"""
375,Genesis,1,15,14,"I will also judge that nation, whom they will serve. Afterward they will come out with great wealth,"
384,Genesis,1,16,2,"Sarai said to Abram, ""See now, Yahweh has restrained me from bearing. Please go in to my handmaid. It may be that I will obtain children by her."" Abram listened to the voice of Sarai."
392,Genesis,1,16,10,"The angel of Yahweh said to her, ""I will greatly multiply your seed, that they will not be numbered for multitude."""
399,Genesis,1,17,1,"When Abram was ninety-nine years old, Yahweh appeared to Abram, and said to him, ""I am God Almighty. Walk before me, and be blameless."
400,Genesis,1,17,2,"I will make my covenant between me and you, and will multiply you exceedingly."""
404,Genesis,1,17,6,"I will make you exceedingly fruitful, and I will make nations of you. Kings will come out of you."
405,Genesis,1,17,7,"I will establish my covenant between me and you and your seed after you throughout their generations for an everlasting covenant, to be a God to you and to your seed after you."
406,Genesis,1,17,8,"I will give to you, and to your seed after you, the land where you are traveling, all the land of Canaan, for an everlasting possession. I will be their God."""
414,Genesis,1,17,16,"I will bless her, and moreover I will give you a son by her. Yes, I will bless her, and she will be a mother of nations. Kings of peoples will come from her."""
417,Genesis,1,17,19,"God said, ""No, but Sarah, your wife, will bear you a son. You shall call his name Isaac. I will establish my covenant with him for an everlasting covenant for his seed after him."
418,Genesis,1,17,20,"As for Ishmael, I have heard you. Behold, I have blessed him, and will make him fruitful, and will multiply him exceedingly. He will become the father of twelve princes, and I will make him a great nation."
430,Genesis,1,18,5,"I will get a morsel of bread so you can refresh your heart. After that you may go your way, now that you have come to your servant."" They said, ""Very well, do as you have said."""
435,Genesis,1,18,10,"He said, ""I will certainly return to you when the season comes round. Behold, Sarah your wife will have a son."" Sarah heard in the tent door, which was behind him."
439,Genesis,1,18,14,"Is anything too hard for Yahweh? At the set time I will return to you, when the season comes round, and Sarah will have a son."""
446,Genesis,1,18,21,"I will go down now, and see whether their deeds are as bad as the reports which have come to me. If not, I will know."""
451,Genesis,1,18,26,"Yahweh said, ""If I find in Sodom fifty righteous within the city, then I will spare all the place for their sake."""
453,Genesis,1,18,28,"What if there will lack five of the fifty righteous? Will you destroy all the city for lack of five?"" He said, ""I will not destroy it, if I find forty-five there."""
454,Genesis,1,18,29,"He spoke to him yet again, and said, ""What if there are forty found there?"" He said, ""I will not do it for the forty's sake."""
455,Genesis,1,18,30,"He said, ""Oh don't let the Lord be angry, and I will speak. What if there are thirty found there?"" He said, ""I will not do it, if I find thirty there."""
456,Genesis,1,18,31,"He said, ""See now, I have taken it on myself to speak to the Lord. What if there are twenty found there?"" He said, ""I will not destroy it for the twenty's sake."""
457,Genesis,1,18,32,"He said, ""Oh don't let the Lord be angry, and I will speak just once more. What if ten are found there?"" He said, ""I will not destroy it for the ten's sake."""
472,Genesis,1,19,14,"Lot went out, and spoke to his sons-in-law, who were pledged to marry his daughters, and said, ""Get up! Get out of this place, for Yahweh will destroy the city."" But he seemed to his sons-in-law to be joking."
479,Genesis,1,19,21,"He said to him, ""Behold, I have granted your request concerning this thing also, that I will not overthrow the city of which you have spoken."
527,Genesis,1,21,13,"I will also make a nation of the son of the handmaid, because he is your seed."""
531,Genesis,1,21,17,"God heard the voice of the boy. The angel of God called to Hagar out of the sky, and said to her, ""What ails you, Hagar? Don't be afraid. For God has heard the voice of the boy where he is."
532,Genesis,1,21,18,"Get up, lift up the boy, and hold him in your hand. For I will make him a great nation."""
550,Genesis,1,22,2,"He said, ""Now take your son, your only son, whom you love, even Isaac, and go into the land of Moriah. Offer him there for a burnt offering on one of the mountains which I will tell you of."""
553,Genesis,1,22,5,"Abraham said to his young men, ""Stay here with the donkey. The boy and I will go yonder. We will worship, and come back to you."""
556,Genesis,1,22,8,"Abraham said, ""God will provide himself the lamb for a burnt offering, my son."" So they both went together."
562,Genesis,1,22,14,"Abraham called the name of that place Yahweh Will Provide. As it is said to this day, ""On Yahweh's mountain, it will be provided."""
565,Genesis,1,22,17,"that I will bless you greatly, and I will multiply your seed greatly like the stars of the heavens, and like the sand which is on the seashore. Your seed will possess the gate of his enemies."
585,Genesis,1,23,13,"He spoke to Ephron in the audience of the people of the land, saying, ""But if you will, please hear me. I will give the price of the field. Take it from me, and I will bury my dead there."""
595,Genesis,1,24,3,"I will make you swear by Yahweh, the God of heaven and the God of the earth, that you shall not take a wife for my son of the daughters of the Canaanites, among whom I live."
599,Genesis,1,24,7,"Yahweh, the God of heaven, who took me from my father's house, and from the land of my birth, who spoke to me, and who swore to me, saying, 'I will give this land to your seed.' He will send his angel before you, and you shall take a wife for my son from there."
606,Genesis,1,24,14,"Let it happen, that the young lady to whom I will say, 'Please let down your pitcher, that I may drink,' and she will say, 'Drink, and I will also give your camels a drink,'--let her be the one you have appointed for your servant Isaac. By this I will know that you have shown kindness to my master."""
611,Genesis,1,24,19,"When she had done giving him drink, she said, ""I will also draw for your camels, until they have done drinking."""
625,Genesis,1,24,33,"Food was set before him to eat, but he said, ""I will not eat until I have told my message."" He said, ""Speak on."""
636,Genesis,1,24,44,"and she will tell me, ""Drink, and I will also draw for your camels,""--let her be the woman whom Yahweh has appointed for my master's son.'"
638,Genesis,1,24,46,"She hurried and let down her pitcher from her shoulder, and said, 'Drink, and I will also give your camels a drink.' So I drank, and she also gave the camels a drink."
695,Genesis,1,26,2,"Yahweh appeared to him, and said, ""Don't go down into Egypt. Live in the land I will tell you about."
696,Genesis,1,26,3,"Live in this land, and I will be with you, and will bless you. For to you, and to your seed, I will give all these lands, and I will establish the oath which I swore to Abraham your father."
697,Genesis,1,26,4,"I will multiply your seed as the stars of the sky, and will give to your seed all these lands. In your seed will all the nations of the earth be blessed,"
717,Genesis,1,26,24,"Yahweh appeared to him the same night, and said, ""I am the God of Abraham your father. Don't be afraid, for I am with you, and will bless you, and multiply your seed for my servant Abraham's sake."""
737,Genesis,1,27,9,"Go now to the flock, and get me from there two good young goats. I will make them savory food for your father, such as he loves."
740,Genesis,1,27,12,"What if my father touches me? I will seem to him as a deceiver, and I would bring a curse on myself, and not a blessing."""
753,Genesis,1,27,25,"He said, ""Bring it near to me, and I will eat of my son's venison, that my soul may bless you."" He brought it near to him, and he ate. He brought him wine, and he drank."
769,Genesis,1,27,41,"Esau hated Jacob because of the blessing with which his father blessed him. Esau said in his heart, ""The days of mourning for my father are at hand. Then I will kill my brother Jacob."""
787,Genesis,1,28,13,"Behold, Yahweh stood above it, and said, ""I am Yahweh, the God of Abraham your father, and the God of Isaac. The land whereon you lie, to you will I give it, and to your seed."
789,Genesis,1,28,15,"Behold, I am with you, and will keep you, wherever you go, and will bring you again into this land. For I will not leave you, until I have done that which I have spoken of to you."""
794,Genesis,1,28,20,"Jacob vowed a vow, saying, ""If God will be with me, and will keep me in this way that I go, and will give me bread to eat, and clothing to put on,"
795,Genesis,1,28,21,"so that I come again to my father's house in peace, and Yahweh will be my God,"
796,Genesis,1,28,22,"then this stone, which I have set up for a pillar, will be God's house. Of all that you will give me I will surely give the tenth to you."""
814,Genesis,1,29,18,"Jacob loved Rachel. He said, ""I will serve you seven years for Rachel, your younger daughter."""
859,Genesis,1,30,28,"He said, ""Appoint me your wages, and I will give it."""
862,Genesis,1,30,31,"He said, ""What shall I give you?"" Jacob said, ""You shall not give me anything. If you will do this thing for me, I will again feed your flock and keep it."
863,Genesis,1,30,32,"I will pass through all your flock today, removing from there every speckled and spotted one, and every black one among the sheep, and the spotted and speckled among the goats. This will be my hire."
877,Genesis,1,31,3,"Yahweh said to Jacob, ""Return to the land of your fathers, and to your relatives, and I will be with you."""
887,Genesis,1,31,13,"I am the God of Bethel, where you anointed a pillar, where you vowed a vow to me. Now arise, get out from this land, and return to the land of your birth.'"""
926,Genesis,1,31,52,"May this heap be a witness, and the pillar be a witness, that I will not pass over this heap to you, and that you will not pass over this heap and this pillar to me, for harm."
938,Genesis,1,32,9,"Jacob said, ""God of my father Abraham, and God of my father Isaac, Yahweh, who said to me, 'Return to your country, and to your relatives, and I will do you good,'"
941,Genesis,1,32,12,"You said, 'I will surely do you good, and make your seed as the sand of the sea, which can't be numbered because there are so many.'"""
949,Genesis,1,32,20,"You shall say, 'Not only that, but behold, your servant, Jacob, is behind us.'"" For, he said, ""I will appease him with the present that goes before me, and afterward I will see his face. Perhaps he will accept me."""
973,Genesis,1,33,12,"Esau said, ""Let us take our journey, and let us go, and I will go before you."""
975,Genesis,1,33,14,"Please let my lord pass over before his servant, and I will lead on gently, according to the pace of the livestock that are before me and according to the pace of the children, until I come to my lord to Seir."""
992,Genesis,1,34,11,"Shechem said to her father and to her brothers, ""Let me find favor in your eyes, and whatever you will tell me I will give."
993,Genesis,1,34,12,"Ask me a great amount for a dowry, and I will give whatever you ask of me, but give me the young lady as a wife."""
1011,Genesis,1,34,30,"Jacob said to Simeon and Levi, ""You have troubled me, to make me odious to the inhabitants of the land, among the Canaanites and the Perizzites. I am few in number. They will gather themselves together against me and strike me, and I will be destroyed, I and my house."""
1015,Genesis,1,35,3,"Let us arise, and go up to Bethel. I will make there an altar to God, who answered me in the day of my distress, and was with me in the way which I went."""
1023,Genesis,1,35,11,"God said to him, ""I am God Almighty. Be fruitful and multiply. A nation and a company of nations will be from you, and kings will come out of your body."
1024,Genesis,1,35,12,"The land which I gave to Abraham and Isaac, I will give it to you, and to your seed after you will I give the land."""
1029,Genesis,1,35,17,"When she was in hard labor, the midwife said to her, ""Don't be afraid, for now you will have another son."""
1097,Genesis,1,37,13,"Israel said to Joseph, ""Aren't your brothers feeding the flock in Shechem? Come, and I will send you to them."" He said to him, ""Here I am."""
1119,Genesis,1,37,35,"All his sons and all his daughters rose up to comfort him, but he refused to be comforted. He said, ""For I will go down to Sheol to my son mourning."" His father wept for him."
1137,Genesis,1,38,17,"He said, ""I will send you a young goat from the flock."" She said, ""Will you give me a pledge, until you send it?"""
1212,Genesis,1,41,16,"Joseph answered Pharaoh, saying, ""It isn't in me. God will give Pharaoh an answer of peace."""
1228,Genesis,1,41,32,"The dream was doubled to Pharaoh, because the thing is established by God, and God will shortly bring it to pass."
1236,Genesis,1,41,40,"You shall be over my house, and according to your word will all my people be ruled. Only in the throne I will be greater than you."""
1286,Genesis,1,42,33,"The man, the lord of the land, said to us, 'By this I will know that you are honest men: leave one of your brothers with me, and take grain for the famine of your houses, and go your way."
1287,Genesis,1,42,34,"Bring your youngest brother to me. Then I will know that you are not spies, but that you are honest men. So I will deliver your brother to you, and you shall trade in the land.'"""
1290,Genesis,1,42,37,"Reuben spoke to his father, saying, ""Kill my two sons, if I don't bring him to you. Entrust him to my care, and I will bring him to you again."""
1314,Genesis,1,43,23,"He said, ""Peace be to you. Don't be afraid. Your God, and the God of your father, has given you treasure in your sacks. I received your money."" He brought Simeon out to them."
1357,Genesis,1,44,32,"For your servant became collateral for the boy to my father, saying, 'If I don't bring him to you, then I will bear the blame to my father forever.'"
1370,Genesis,1,45,11,"There I will nourish you; for there are yet five years of famine; lest you come to poverty, you, and your household, and all that you have.""'"
1377,Genesis,1,45,18,"Take your father and your households, and come to me, and I will give you the good of the land of Egypt, and you will eat the fat of the land.'"
1387,Genesis,1,45,28,"Israel said, ""It is enough. Joseph my son is still alive. I will go and see him before I die."""
1390,Genesis,1,46,3,"He said, ""I am God, the God of your father. Don't be afraid to go down into Egypt, for there I will make of you a great nation."
1391,Genesis,1,46,4,"I will go down with you into Egypt. I will also surely bring you up again. Joseph will close your eyes."""
1418,Genesis,1,46,31,"Joseph said to his brothers, and to his father's house, ""I will go up, and speak with Pharaoh, and will tell him, 'My brothers, and my father's house, who were in the land of Canaan, have come to me."
1437,Genesis,1,47,16,"Joseph said, ""Give me your livestock; and I will give you food for your livestock, if your money is gone."""
1451,Genesis,1,47,30,"but when I sleep with my fathers, you shall carry me out of Egypt, and bury me in their burying place."" He said, ""I will do as you have said."""
1456,Genesis,1,48,4,"and said to me, 'Behold, I will make you fruitful, and multiply you, and I will make of you a company of peoples, and will give this land to your seed after you for an everlasting possession.'"
1461,Genesis,1,48,9,"Joseph said to his father, ""They are my sons, whom God has given me here."" He said, ""Please bring them to me, and I will bless them."""
1473,Genesis,1,48,21,"Israel said to Joseph, ""Behold, I am dying, but God will be with you, and bring you again to the land of your fathers."
1481,Genesis,1,49,7,"Cursed be their anger, for it was fierce; and their wrath, for it was cruel. I will divide them in Jacob, and scatter them in Israel."
1499,Genesis,1,49,25,"even by the God of your father, who will help you; by the Almighty, who will bless you, with blessings of heaven above, blessings of the deep that lies below, blessings of the breasts, and of the womb."
1512,Genesis,1,50,5,"'My father made me swear, saying, ""Behold, I am dying. Bury me in my grave which I have dug for myself in the land of Canaan."" Now therefore, please let me go up and bury my father, and I will come again.'"""
1526,Genesis,1,50,19,"Joseph said to them, ""Don't be afraid, for am I in the place of God?"
1528,Genesis,1,50,21,"Now therefore don't be afraid. I will nourish you and your little ones."" He comforted them, and spoke kindly to them."
1531,Genesis,1,50,24,"Joseph said to his brothers, ""I am dying, but God will surely visit you, and bring you up out of this land to the land which he swore to Abraham, to Isaac, and to Jacob."""
1532,Genesis,1,50,25,"Joseph took an oath of the children of Israel, saying, ""God will surely visit you, and you shall carry up my bones from here."""
1564,Exodus,2,2,9,"Pharaoh's daughter said to her, ""Take this child away, and nurse him for me, and I will give you your wages."" The woman took the child, and nursed it."
1583,Exodus,2,3,3,"Moses said, ""I will turn aside now, and see this great sight, why the bush is not burnt."""
1586,Exodus,2,3,6,"Moreover he said, ""I am the God of your father, the God of Abraham, the God of Isaac, and the God of Jacob."" Moses hid his face; for he was afraid to look at God."
1590,Exodus,2,3,10,"Come now therefore, and I will send you to Pharaoh, that you may bring forth my people, the children of Israel, out of Egypt."""
1592,Exodus,2,3,12,"He said, ""Certainly I will be with you. This will be the token to you, that I have sent you: when you have brought forth the people out of Egypt, you shall serve God on this mountain."""
1597,Exodus,2,3,17,"and I have said, I will bring you up out of the affliction of Egypt to the land of the Canaanite, the Hittite, the Amorite, the Perizzite, the Hivite, and the Jebusite, to a land flowing with milk and honey.""'"
1600,Exodus,2,3,20,"I will put forth my hand and strike Egypt with all my wonders which I will do in its midst, and after that he will let you go."
1601,Exodus,2,3,21,"I will give this people favor in the sight of the Egyptians, and it will happen that when you go, you shall not go empty-handed."
1614,Exodus,2,4,12,"Now therefore go, and I will be with your mouth, and teach you what you shall speak."""
1617,Exodus,2,4,15,"You shall speak to him, and put the words in his mouth. I will be with your mouth, and with his mouth, and will teach you what you shall do."
1623,Exodus,2,4,21,"Yahweh said to Moses, ""When you go back into Egypt, see that you do before Pharaoh all the wonders which I have put in your hand, but I will harden his heart and he will not let the people go."
1625,Exodus,2,4,23,"and I have said to you, ""Let my son go, that he may serve me;"" and you have refused to let him go. Behold, I will kill your son, your firstborn.'"""
1635,Exodus,2,5,2,"Pharaoh said, ""Who is Yahweh, that I should listen to his voice to let Israel go? I don't know Yahweh, and moreover I will not let Israel go."""
1643,Exodus,2,5,10,"The taskmasters of the people went out, and their officers, and they spoke to the people, saying, ""This is what Pharaoh says: 'I will not give you straw."
1657,Exodus,2,6,1,"Yahweh said to Moses, ""Now you shall see what I will do to Pharaoh, for by a strong hand he shall let them go, and by a strong hand he shall drive them out of his land."""
1658,Exodus,2,6,2,"God spoke to Moses, and said to him, ""I am Yahweh;"
1662,Exodus,2,6,6,"Therefore tell the children of Israel, 'I am Yahweh, and I will bring you out from under the burdens of the Egyptians, and I will rid you out of their bondage, and I will redeem you with an outstretched arm, and with great judgments:"
1663,Exodus,2,6,7,"and I will take you to me for a people, and I will be to you a God; and you shall know that I am Yahweh your God, who brings you out from under the burdens of the Egyptians."
1664,Exodus,2,6,8,"I will bring you into the land which I swore to give to Abraham, to Isaac, and to Jacob; and I will give it to you for a heritage: I am Yahweh.'"""
1685,Exodus,2,6,29,"that Yahweh spoke to Moses, saying, ""I am Yahweh. Speak to Pharaoh king of Egypt all that I speak to you."""
1689,Exodus,2,7,3,"I will harden Pharaoh's heart, and multiply my signs and my wonders in the land of Egypt."
1690,Exodus,2,7,4,"But Pharaoh will not listen to you, and I will lay my hand on Egypt, and bring forth my armies, my people the children of Israel, out of the land of Egypt by great judgments."
1691,Exodus,2,7,5,"The Egyptians shall know that I am Yahweh, when I stretch forth my hand on Egypt, and bring out the children of Israel from among them."""
1703,Exodus,2,7,17,"Thus says Yahweh, ""In this you shall know that I am Yahweh. Behold, I will strike with the rod that is in my hand on the waters which are in the river, and they shall be turned to blood."
1713,Exodus,2,8,2,"If you refuse to let them go, behold, I will plague all your borders with frogs:"
1719,Exodus,2,8,8,"Then Pharaoh called for Moses and Aaron, and said, ""Entreat Yahweh, that he take away the frogs from me, and from my people; and I will let the people go, that they may sacrifice to Yahweh."""
1732,Exodus,2,8,21,"Else, if you will not let my people go, behold, I will send swarms of flies on you, and on your servants, and on your people, and into your houses: and the houses of the Egyptians shall be full of swarms of flies, and also the ground whereon they are."
1733,Exodus,2,8,22,"I will set apart in that day the land of Goshen, in which my people dwell, that no swarms of flies shall be there; to the end you may know that I am Yahweh in the midst of the earth."
1734,Exodus,2,8,23,"I will put a division between my people and your people: by tomorrow shall this sign be.""'"""
1739,Exodus,2,8,28,"Pharaoh said, ""I will let you go, that you may sacrifice to Yahweh your God in the wilderness, only you shall not go very far away. Pray for me."""
1740,Exodus,2,8,29,"Moses said, ""Behold, I go out from you, and I will pray to Yahweh that the swarms of flies may depart from Pharaoh, from his servants, and from his people, tomorrow; only don't let Pharaoh deal deceitfully any more in not letting the people go to sacrifice to Yahweh."""
1747,Exodus,2,9,4,"Yahweh will make a distinction between the livestock of Israel and the livestock of Egypt; and nothing shall die of all that belongs to the children of Israel.""'"""
1757,Exodus,2,9,14,"For this time I will send all my plagues against your heart, against your officials, and against your people; that you may know that there is none like me in all the earth."
1761,Exodus,2,9,18,"Behold, tomorrow about this time I will cause it to rain a very grievous hail, such as has not been in Egypt since the day it was founded even until now."
1771,Exodus,2,9,28,"Pray to Yahweh; for there has been enough of mighty thunderings and hail. I will let you go, and you shall stay no longer."""
1772,Exodus,2,9,29,"Moses said to him, ""As soon as I have gone out of the city, I will spread abroad my hands to Yahweh. The thunders shall cease, neither shall there be any more hail; that you may know that the earth is Yahweh's."
1780,Exodus,2,10,2,"and that you may tell in the hearing of your son, and of your son's son, what things I have done to Egypt, and my signs which I have done among them; that you may know that I am Yahweh."""
1782,Exodus,2,10,4,"Or else, if you refuse to let my people go, behold, tomorrow I will bring locusts into your country,"
1788,Exodus,2,10,10,"He said to them, ""Yahweh be with you if I will let you go with your little ones! See, evil is clearly before your faces."
1807,Exodus,2,10,29,"Moses said, ""You have spoken well. I will see your face again no more."""
1811,Exodus,2,11,4,"Moses said, ""This is what Yahweh says: 'About midnight I will go out into the midst of Egypt,"
1815,Exodus,2,11,8,"All these your servants shall come down to me, and bow down themselves to me, saying, ""Get out, with all the people who follow you;"" and after that I will go out.'"" He went out from Pharaoh in hot anger."
1829,Exodus,2,12,12,"For I will go through the land of Egypt in that night, and will strike all the firstborn in the land of Egypt, both man and animal. Against all the gods of Egypt I will execute judgments: I am Yahweh."
1830,Exodus,2,12,13,"The blood shall be to you for a token on the houses where you are: and when I see the blood, I will pass over you, and there shall no plague be on you to destroy you, when I strike the land of Egypt."
1840,Exodus,2,12,23,"For Yahweh will pass through to strike the Egyptians; and when he sees the blood on the lintel, and on the two doorposts, Yahweh will pass over the door, and will not allow the destroyer to come in to your houses to strike you."
1842,Exodus,2,12,25,"It shall happen when you have come to the land which Yahweh will give you, according as he has promised, that you shall keep this service."
1887,Exodus,2,13,19,"Moses took the bones of Joseph with him, for he had made the children of Israel swear, saying, ""God will surely visit you, and you shall carry up my bones away from here with you."""
1894,Exodus,2,14,4,"I will harden Pharaoh's heart, and he will follow after them; and I will get honor over Pharaoh, and over all his armies; and the Egyptians shall know that I am Yahweh."" They did so."
1903,Exodus,2,14,13,"Moses said to the people, ""Don't be afraid. Stand still, and see the salvation of Yahweh, which he will work for you today: for the Egyptians whom you have seen today, you shall never see them again."
1904,Exodus,2,14,14,"Yahweh will fight for you, and you shall be still."""
1907,Exodus,2,14,17,"I, behold, I will harden the hearts of the Egyptians, and they shall go in after them: and I will get myself honor over Pharaoh, and over all his armies, over his chariots, and over his horsemen."
1908,Exodus,2,14,18,"The Egyptians shall know that I am Yahweh, when I have gotten myself honor over Pharaoh, over his chariots, and over his horsemen."""
1922,Exodus,2,15,1,"Then Moses and the children of Israel sang this song to Yahweh, and said, ""I will sing to Yahweh, for he has triumphed gloriously. The horse and his rider he has thrown into the sea."
1923,Exodus,2,15,2,"Yah is my strength and song. He has become my salvation. This is my God, and I will praise him; my father's God, and I will exalt him."
1930,Exodus,2,15,9,"The enemy said, 'I will pursue. I will overtake. I will divide the spoil. My desire shall be satisfied on them. I will draw my sword, my hand shall destroy them.'"
1947,Exodus,2,15,26,"and he said, ""If you will diligently listen to the voice of Yahweh your God, and will do that which is right in his eyes, and will pay attention to his commandments, and keep all his statutes, I will put none of the diseases on you, which I have put on the Egyptians; for I am Yahweh who heals you."""
1952,Exodus,2,16,4,"Then Yahweh said to Moses, ""Behold, I will rain bread from the sky for you, and the people shall go out and gather a day's portion every day, that I may test them, whether they will walk in my law, or not."
1960,Exodus,2,16,12,"""I have heard the murmurings of the children of Israel. Speak to them, saying, 'At evening you shall eat meat, and in the morning you shall be filled with bread: and you shall know that I am Yahweh your God.'"""
1990,Exodus,2,17,6,"Behold, I will stand before you there on the rock in Horeb. You shall strike the rock, and water will come out of it, that the people may drink."" Moses did so in the sight of the elders of Israel."
1993,Exodus,2,17,9,"Moses said to Joshua, ""Choose men for us, and go out, fight with Amalek. Tomorrow I will stand on the top of the hill with God's rod in my hand."""
1998,Exodus,2,17,14,"Yahweh said to Moses, ""Write this for a memorial in a book, and rehearse it in the ears of Joshua: that I will utterly blot out the memory of Amalek from under the sky."""
2000,Exodus,2,17,16,"He said, ""Yah has sworn: 'Yahweh will have war with Amalek from generation to generation.'"""
2019,Exodus,2,18,19,"Listen now to my voice. I will give you counsel, and God be with you. You represent the people before God, and bring the causes to God."
2038,Exodus,2,19,11,and be ready against the third day; for on the third day Yahweh will come down in the sight of all the people on Mount Sinai.
2054,Exodus,2,20,2,"""I am Yahweh your God, who brought you out of the land of Egypt, out of the house of bondage."
2059,Exodus,2,20,7,"""You shall not take the name of Yahweh your God in vain, for Yahweh will not hold him guiltless who takes his name in vain."
2072,Exodus,2,20,20,"Moses said to the people, ""Don't be afraid, for God has come to test you, and that his fear may be before you, that you won't sin."""
2076,Exodus,2,20,24,"You shall make an altar of earth for me, and shall sacrifice on it your burnt offerings and your peace offerings, your sheep and your cattle. In every place where I record my name I will come to you and I will bless you."
2083,Exodus,2,21,5,"But if the servant shall plainly say, 'I love my master, my wife, and my children. I will not go out free;'"
2091,Exodus,2,21,13,"but not if it is unintentional, but God allows it to happen: then I will appoint you a place where he shall flee."
2137,Exodus,2,22,23,"If you take advantage of them at all, and they cry at all to me, I will surely hear their cry;"
2138,Exodus,2,22,24,"and my wrath will grow hot, and I will kill you with the sword; and your wives shall be widows, and your children fatherless."
2152,Exodus,2,23,7,"""Keep far from a false charge, and don't kill the innocent and righteous: for I will not justify the wicked."
2167,Exodus,2,23,22,"But if you indeed listen to his voice, and do all that I speak, then I will be an enemy to your enemies, and an adversary to your adversaries."
2168,Exodus,2,23,23,"For my angel shall go before you, and bring you in to the Amorite, the Hittite, the Perizzite, the Canaanite, the Hivite, and the Jebusite; and I will cut them off."
2170,Exodus,2,23,25,"You shall serve Yahweh your God, and he will bless your bread and your water, and I will take sickness away from your midst."
2171,Exodus,2,23,26,No one will miscarry or be barren in your land. I will fulfill the number of your days.
2172,Exodus,2,23,27,"I will send my terror before you, and will confuse all the people to whom you come, and I will make all your enemies turn their backs to you."
2173,Exodus,2,23,28,"I will send the hornet before you, which will drive out the Hivite, the Canaanite, and the Hittite, from before you."
2174,Exodus,2,23,29,"I will not drive them out from before you in one year, lest the land become desolate, and the animals of the field multiply against you."
2175,Exodus,2,23,30,"Little by little I will drive them out from before you, until you have increased and inherit the land."
2176,Exodus,2,23,31,"I will set your border from the Red Sea even to the sea of the Philistines, and from the wilderness to the River; for I will deliver the inhabitants of the land into your hand, and you shall drive them out before you."
2190,Exodus,2,24,12,"Yahweh said to Moses, ""Come up to me on the mountain, and stay here, and I will give you the tables of stone with the law and the commands that I have written, that you may teach them."""
2217,Exodus,2,25,21,"You shall put the mercy seat on top of the ark, and in the ark you shall put the testimony that I will give you."
2218,Exodus,2,25,22,"There I will meet with you, and I will tell you from above the mercy seat, from between the two cherubim which are on the ark of the testimony, all that I command you for the children of Israel."
2379,Exodus,2,29,42,"It shall be a continual burnt offering throughout your generations at the door of the Tent of Meeting before Yahweh, where I will meet with you, to speak there to you."
2380,Exodus,2,29,43,There I will meet with the children of Israel; and the place shall be sanctified by my glory.
2381,Exodus,2,29,44,"I will sanctify the Tent of Meeting and the altar: Aaron also and his sons I will sanctify, to minister to me in the priest's office."
2382,Exodus,2,29,45,"I will dwell among the children of Israel, and will be their God."
2383,Exodus,2,29,46,"They shall know that I am Yahweh their God, who brought them forth out of the land of Egypt, that I might dwell among them: I am Yahweh their God."
2389,Exodus,2,30,6,"You shall put it before the veil that is by the ark of the testimony, before the mercy seat that is over the testimony, where I will meet with you."
2419,Exodus,2,30,36,"and you shall beat some of it very small, and put some of it before the testimony in the Tent of Meeting, where I will meet with you. It shall be to you most holy."
2434,Exodus,2,31,13,"""Speak also to the children of Israel, saying, 'Most certainly you shall keep my Sabbaths: for it is a sign between me and you throughout your generations; that you may know that I am Yahweh who sanctifies you."
2449,Exodus,2,32,10,"Now therefore leave me alone, that my wrath may burn hot against them, and that I may consume them; and I will make of you a great nation."""
2452,Exodus,2,32,13,"Remember Abraham, Isaac, and Israel, your servants, to whom you swore by your own self, and said to them, 'I will multiply your seed as the stars of the sky, and all this land that I have spoken of I will give to your seed, and they shall inherit it forever.'"""
2469,Exodus,2,32,30,"It happened on the next day, that Moses said to the people, ""You have sinned a great sin. Now I will go up to Yahweh. Perhaps I shall make atonement for your sin."""
2473,Exodus,2,32,34,"Now go, lead the people to the place of which I have spoken to you. Behold, my angel shall go before you. Nevertheless in the day when I punish, I will punish them for their sin."""
2475,Exodus,2,33,1,"Yahweh spoke to Moses, ""Depart, go up from here, you and the people that you have brought up out of the land of Egypt, to the land of which I swore to Abraham, to Isaac, and to Jacob, saying, 'I will give it to your seed.'"
2476,Exodus,2,33,2,"I will send an angel before you; and I will drive out the Canaanite, the Amorite, and the Hittite, and the Perizzite, the Hivite, and the Jebusite:"
2477,Exodus,2,33,3,"to a land flowing with milk and honey: for I will not go up in the midst of you, for you are a stiff-necked people, lest I consume you in the way."""
2488,Exodus,2,33,14,"He said, ""My presence will go with you, and I will give you rest."""
2491,Exodus,2,33,17,"Yahweh said to Moses, ""I will do this thing also that you have spoken; for you have found favor in my sight, and I know you by name."""
2493,Exodus,2,33,19,"He said, ""I will make all my goodness pass before you, and will proclaim the name of Yahweh before you. I will be gracious to whom I will be gracious, and will show mercy on whom I will show mercy."""
2496,Exodus,2,33,22,"It will happen, while my glory passes by, that I will put you in a cleft of the rock, and will cover you with my hand until I have passed by;"
2497,Exodus,2,33,23,"then I will take away my hand, and you will see my back; but my face shall not be seen."""
2498,Exodus,2,34,1,"Yahweh said to Moses, ""Chisel two stone tablets like the first: and I will write on the tablets the words that were on the first tablets, which you broke."
2507,Exodus,2,34,10,"He said, ""Behold, I make a covenant: before all your people I will do marvels, such as have not been worked in all the earth, nor in any nation; and all the people among which you are shall see the work of Yahweh; for it is an awesome thing that I do with you."
2521,Exodus,2,34,24,"For I will drive out nations before you and enlarge your borders; neither shall any man desire your land when you go up to appear before Yahweh, your God, three times in the year."
2981,Leviticus,3,10,3,"Then Moses said to Aaron, ""This is what Yahweh spoke of, saying, 'I will show myself holy to those who come near me, and before all the people I will be glorified.'"" Aaron held his peace."
3042,Leviticus,3,11,44,"For I am Yahweh your God. Sanctify yourselves therefore, and be holy; for I am holy: neither shall you defile yourselves with any kind of creeping thing that moves on the earth."
3043,Leviticus,3,11,45,"For I am Yahweh who brought you up out of the land of Egypt, to be your God. You shall therefore be holy, for I am holy."
3204,Leviticus,3,16,2,"and Yahweh said to Moses, ""Tell Aaron your brother, not to come at all times into the Most Holy Place within the veil, before the mercy seat which is on the ark; lest he die: for I will appear in the cloud on the mercy seat."
3246,Leviticus,3,17,10,"""'Any man of the house of Israel, or of the strangers who live as foreigners among them, who eats any kind of blood, I will set my face against that soul who eats blood, and will cut him off from among his people."
3254,Leviticus,3,18,2,"""Speak to the children of Israel, and say to them, 'I am Yahweh your God."
3256,Leviticus,3,18,4,"You shall do my ordinances, and you shall keep my statutes, and walk in them: I am Yahweh your God."
3257,Leviticus,3,18,5,"You shall therefore keep my statutes and my ordinances; which if a man does, he shall live in them: I am Yahweh."
3258,Leviticus,3,18,6,"""'None of you shall approach anyone who are his close relatives, to uncover their nakedness: I am Yahweh."
3273,Leviticus,3,18,21,"""'You shall not give any of your children to sacrifice to Molech; neither shall you profane the name of your God: I am Yahweh."
3282,Leviticus,3,18,30,"Therefore you shall keep my requirements, that you do not practice any of these abominable customs, which were practiced before you, and that you do not defile yourselves with them: I am Yahweh your God.'"""
3285,Leviticus,3,19,3,"""'Each one of you shall respect his mother and his father. You shall keep my Sabbaths. I am Yahweh your God."
3286,Leviticus,3,19,4,"""'Don't turn to idols, nor make molten gods for yourselves. I am Yahweh your God."
3292,Leviticus,3,19,10,"You shall not glean your vineyard, neither shall you gather the fallen grapes of your vineyard; you shall leave them for the poor and for the foreigner. I am Yahweh your God."
3294,Leviticus,3,19,12,"""'You shall not swear by my name falsely, and profane the name of your God. I am Yahweh."
3296,Leviticus,3,19,14,"""'You shall not curse the deaf, nor put a stumbling block before the blind; but you shall fear your God. I am Yahweh."
3298,Leviticus,3,19,16,"""'You shall not go up and down as a slanderer among your people. ""'You shall not endanger the life of your neighbor. I am Yahweh."
3300,Leviticus,3,19,18,"""'You shall not take vengeance, nor bear any grudge against the children of your people; but you shall love your neighbor as yourself. I am Yahweh."
3307,Leviticus,3,19,25,"In the fifth year you shall eat its fruit, that it may yield its increase to you. I am Yahweh your God."
3310,Leviticus,3,19,28,"""'You shall not make any cuttings in your flesh for the dead, nor tattoo any marks on you. I am Yahweh."
3312,Leviticus,3,19,30,"""'You shall keep my Sabbaths, and reverence my sanctuary; I am Yahweh."
3313,Leviticus,3,19,31,"""'Don't turn to those who are mediums, nor to the wizards. Don't seek them out, to be defiled by them. I am Yahweh your God."
3314,Leviticus,3,19,32,"""'You shall rise up before the gray head, and honor the face of an old man, and you shall fear your God. I am Yahweh."
3316,Leviticus,3,19,34,"The stranger who lives as a foreigner with you shall be to you as the native-born among you, and you shall love him as yourself; for you lived as foreigners in the land of Egypt. I am Yahweh your God."
3318,Leviticus,3,19,36,"You shall have just balances, just weights, a just ephah, and a just hin. I am Yahweh your God, who brought you out of the land of Egypt."
3319,Leviticus,3,19,37,"""'You shall observe all my statutes, and all my ordinances, and do them. I am Yahweh.'"""
3324,Leviticus,3,20,5,"then I will set my face against that man, and against his family, and will cut him off, and all who play the prostitute after him, to play the prostitute with Molech, from among their people."
3325,Leviticus,3,20,6,"""'The person that turns to those who are mediums, and to the wizards, to play the prostitute after them, I will even set my face against that person, and will cut him off from among his people."
3326,Leviticus,3,20,7,"""'Sanctify yourselves therefore, and be holy; for I am Yahweh your God."
3327,Leviticus,3,20,8,"You shall keep my statutes, and do them. I am Yahweh who sanctifies you."
3343,Leviticus,3,20,24,"But I have said to you, ""You shall inherit their land, and I will give it to you to possess it, a land flowing with milk and honey."" I am Yahweh your God, who has separated you from the peoples."
3358,Leviticus,3,21,12,"neither shall he go out of the sanctuary, nor profane the sanctuary of his God; for the crown of the anointing oil of his God is upon him. I am Yahweh."
3361,Leviticus,3,21,15,"He shall not profane his seed among his people: for I am Yahweh who sanctifies him.'"""
3369,Leviticus,3,21,23,"He shall not come near to the veil, nor come near to the altar, because he has a blemish; that he may not profane my sanctuaries, for I am Yahweh who sanctifies them.'"""
3372,Leviticus,3,22,2,"""Tell Aaron and his sons to separate themselves from the holy things of the children of Israel, which they make holy to me, and that they not profane my holy name. I am Yahweh."
3373,Leviticus,3,22,3,"""Tell them, 'If anyone of all your seed throughout your generations approaches the holy things, which the children of Israel make holy to Yahweh, having his uncleanness on him, that soul shall be cut off from before me. I am Yahweh."
3378,Leviticus,3,22,8,"That which dies of itself, or is torn by animals, he shall not eat, defiling himself by it. I am Yahweh."
3379,Leviticus,3,22,9,"""'They shall therefore follow my requirements, lest they bear sin for it, and die therein, if they profane it. I am Yahweh who sanctifies them."
3386,Leviticus,3,22,16,"and so cause them to bear the iniquity that brings guilt, when they eat their holy things: for I am Yahweh who sanctifies them.'"""
3400,Leviticus,3,22,30,It shall be eaten on the same day; you shall leave none of it until the morning. I am Yahweh.
3401,Leviticus,3,22,31,"""Therefore you shall keep my commandments, and do them. I am Yahweh."
3402,Leviticus,3,22,32,"You shall not profane my holy name, but I will be made holy among the children of Israel. I am Yahweh who makes you holy,"
3403,Leviticus,3,22,33,"who brought you out of the land of Egypt, to be your God. I am Yahweh."""
3425,Leviticus,3,23,22,"""'When you reap the harvest of your land, you shall not wholly reap into the corners of your field, neither shall you gather the gleanings of your harvest: you shall leave them for the poor, and for the foreigner. I am Yahweh your God.'"""
3433,Leviticus,3,23,30,"Whoever it is who does any kind of work in that same day, that person I will destroy from among his people."
3446,Leviticus,3,23,43,"that your generations may know that I made the children of Israel to dwell in booths, when I brought them out of the land of Egypt. I am Yahweh your God.'"""
3469,Leviticus,3,24,22,"You shall have one kind of law, for the foreigner as well as the native-born: for I am Yahweh your God.'"""
3487,Leviticus,3,25,17,You shall not wrong one another; but you shall fear your God: for I am Yahweh your God.
3491,Leviticus,3,25,21,"then I will command my blessing on you in the sixth year, and it shall bring forth fruit for the three years."
3508,Leviticus,3,25,38,"I am Yahweh your God, who brought you forth out of the land of Egypt, to give you the land of Canaan, and to be your God."
3525,Leviticus,3,25,55,For to me the children of Israel are servants; they are my servants whom I brought forth out of the land of Egypt. I am Yahweh your God.
3526,Leviticus,3,26,1,"""'You shall make for yourselves no idols, neither shall you raise up an engraved image or a pillar, neither shall you place any figured stone in your land, to bow down to it: for I am Yahweh your God."
3527,Leviticus,3,26,2,"""'You shall keep my Sabbaths, and have reverence for my sanctuary. I am Yahweh."
3529,Leviticus,3,26,4,"then I will give you your rains in their season, and the land shall yield its increase, and the trees of the field shall yield their fruit."
3531,Leviticus,3,26,6,"""'I will give peace in the land, and you shall lie down, and no one will make you afraid; and I will remove evil animals out of the land, neither shall the sword go through your land."
3534,Leviticus,3,26,9,"""'I will have respect for you, and make you fruitful, and multiply you, and will establish my covenant with you."
3536,Leviticus,3,26,11,I will set my tent among you: and my soul won't abhor you.
3537,Leviticus,3,26,12,"I will walk among you, and will be your God, and you will be my people."
3538,Leviticus,3,26,13,"I am Yahweh your God, who brought you forth out of the land of Egypt, that you should not be their slaves; and I have broken the bars of your yoke, and made you go upright."
3541,Leviticus,3,26,16,"I also will do this to you: I will appoint terror over you, even consumption and fever, that shall consume the eyes, and make the soul to pine away; and you will sow your seed in vain, for your enemies will eat it."
3542,Leviticus,3,26,17,"I will set my face against you, and you will be struck before your enemies. Those who hate you will rule over you; and you will flee when no one pursues you."
3543,Leviticus,3,26,18,"""'If you in spite of these things will not listen to me, then I will chastise you seven times more for your sins."
3544,Leviticus,3,26,19,"I will break the pride of your power, and I will make your sky like iron, and your soil like brass;"
3546,Leviticus,3,26,21,"""'If you walk contrary to me, and won't listen to me, then I will bring seven times more plagues on you according to your sins."
3547,Leviticus,3,26,22,"I will send the wild animals among you, which will rob you of your children, destroy your livestock, and make you few in number; and your roads will become desolate."
3549,Leviticus,3,26,24,"then I will also walk contrary to you; and I will strike you, even I, seven times for your sins."
3550,Leviticus,3,26,25,"I will bring a sword upon you, that will execute the vengeance of the covenant; and you will be gathered together within your cities: and I will send the pestilence among you; and you will be delivered into the hand of the enemy."
3553,Leviticus,3,26,28,then I will walk contrary to you in wrath; and I also will chastise you seven times for your sins.
3555,Leviticus,3,26,30,"I will destroy your high places, and cut down your incense altars, and cast your dead bodies upon the bodies of your idols; and my soul will abhor you."
3556,Leviticus,3,26,31,"I will lay your cities waste, and will bring your sanctuaries to desolation, and I will not take delight in the sweet fragrance of your offerings."
3557,Leviticus,3,26,32,I will bring the land into desolation; and your enemies that dwell therein will be astonished at it.
3558,Leviticus,3,26,33,"I will scatter you among the nations, and I will draw out the sword after you: and your land will be a desolation, and your cities shall be a waste."
3561,Leviticus,3,26,36,"""'As for those of you who are left, I will send a faintness into their hearts in the lands of their enemies: and the sound of a driven leaf will put them to flight; and they shall flee, as one flees from the sword; and they will fall when no one pursues."
3567,Leviticus,3,26,42,"then I will remember my covenant with Jacob; and also my covenant with Isaac, and also my covenant with Abraham; and I will remember the land."
3569,Leviticus,3,26,44,"Yet for all that, when they are in the land of their enemies, I will not reject them, neither will I abhor them, to destroy them utterly, and to break my covenant with them; for I am Yahweh their God;"
3570,Leviticus,3,26,45,"but I will for their sake remember the covenant of their ancestors, whom I brought forth out of the land of Egypt in the sight of the nations, that I might be their God. I am Yahweh.'"""
3706,Numbers,4,3,13,"for all the firstborn are mine. On the day that I struck down all the firstborn in the land of Egypt I made holy to me all the firstborn in Israel, both man and animal. They shall be mine. I am Yahweh."""
3734,Numbers,4,3,41,"You shall take the Levites for me (I am Yahweh) instead of all the firstborn among the children of Israel; and the livestock of the Levites instead of all the firstborn among the livestock of the children of Israel."""
3738,Numbers,4,3,45,"""Take the Levites instead of all the firstborn among the children of Israel, and the livestock of the Levites instead of their livestock; and the Levites shall be mine. I am Yahweh."
3851,Numbers,4,6,27,"""So they shall put my name on the children of Israel; and I will bless them."""
3974,Numbers,4,9,8,"Moses answered them, ""Wait, that I may hear what Yahweh will command concerning you."""
3999,Numbers,4,10,10,"""Also in the day of your gladness, and in your set feasts, and in the beginnings of your months, you shall blow the trumpets over your burnt offerings, and over the sacrifices of your peace offerings; and they shall be to you for a memorial before your God. I am Yahweh your God."""
4018,Numbers,4,10,29,"Moses said to Hobab, the son of Reuel the Midianite, Moses' father-in-law, ""We are journeying to the place of which Yahweh said, 'I will give it to you.' Come with us, and we will treat you well; for Yahweh has spoken good concerning Israel."""
4019,Numbers,4,10,30,"He said to him, ""I will not go; but I will depart to my own land, and to my relatives."""
4042,Numbers,4,11,17,"I will come down and talk with you there. I will take of the Spirit which is on you, and will put it on them; and they shall bear the burden of the people with you, that you not bear it yourself alone."
4043,Numbers,4,11,18,"""Say to the people, 'Sanctify yourselves against tomorrow, and you will eat flesh; for you have wept in the ears of Yahweh, saying, ""Who will give us flesh to eat? For it was well with us in Egypt."" Therefore Yahweh will give you flesh, and you will eat."
4046,Numbers,4,11,21,"Moses said, ""The people, among whom I am, are six hundred thousand men on foot; and you have said, 'I will give them flesh, that they may eat a whole month.'"
4066,Numbers,4,12,6,"He said, ""Hear now my words. If there is a prophet among you, I Yahweh will make myself known to him in a vision. I will speak with him in a dream."
4068,Numbers,4,12,8,"With him I will speak mouth to mouth, even plainly, and not in riddles; and he shall see Yahweh's form. Why then were you not afraid to speak against my servant, against Moses?"""
4121,Numbers,4,14,12,"I will strike them with the pestilence, and disinherit them, and will make of you a nation greater and mightier than they."""
4152,Numbers,4,14,43,"For there the Amalekite and the Canaanite are before you, and you shall fall by the sword: because you are turned back from following Yahweh, therefore Yahweh will not be with you."""
4195,Numbers,4,15,41,"I am Yahweh your God, who brought you out of the land of Egypt, to be your God: I am Yahweh your God."""
4200,Numbers,4,16,5,"and he spoke to Korah and to all his company, saying, ""In the morning Yahweh will show who are his, and who is holy, and will cause him to come near to him: even him whom he shall choose he will cause to come near to him."
4250,Numbers,4,17,5,"It shall happen, that the rod of the man whom I shall choose shall bud: and I will make to cease from me the murmurings of the children of Israel, which they murmur against you."""
4343,Numbers,4,21,2,"Israel vowed a vow to Yahweh, and said, ""If you will indeed deliver this people into my hand, then I will utterly destroy their cities."""
4357,Numbers,4,21,16,"From there they traveled to Beer: that is the well of which Yahweh said to Moses, ""Gather the people together, and I will give them water."""
4384,Numbers,4,22,8,"He said to them, ""Lodge here this night, and I will bring you word again, as Yahweh shall speak to me."" The princes of Moab stayed with Balaam."
4393,Numbers,4,22,17,"for I will promote you to very great honor, and whatever you say to me I will do. Please come therefore, and curse this people for me.'"""
4395,Numbers,4,22,19,"Now therefore, please wait also here this night, that I may know what Yahweh will speak to me more."""
4410,Numbers,4,22,34,"Balaam said to the angel of Yahweh, ""I have sinned; for I didn't know that you stood in the way against me. Now therefore, if it displeases you, I will go back again."""
4420,Numbers,4,23,3,"Balaam said to Balak, ""Stand by your burnt offering, and I will go: perhaps Yahweh will come to meet me; and whatever he shows me I will tell you."" He went to a bare height."
4444,Numbers,4,23,27,"Balak said to Balaam, ""Come now, I will take you to another place; perhaps it will please God that you may curse me them from there."""
4460,Numbers,4,24,13,"'If Balak would give me his house full of silver and gold, I can't go beyond the word of Yahweh, to do either good or bad of my own mind. I will say what Yahweh says'?"
4461,Numbers,4,24,14,"Now, behold, I go to my people: come, [and] I will inform you what this people shall do to your people in the latter days."""
4654,Numbers,4,30,5,"But if her father disallow her in the day that he hears, none of her vows, or of her bonds with which she has bound her soul, shall stand: and Yahweh will forgive her, because her father disallowed her."
4657,Numbers,4,30,8,"But if her husband disallow her in the day that he hears it, then he shall make void her vow which is on her, and the rash utterance of her lips, with which she has bound her soul: and Yahweh will forgive her."
4661,Numbers,4,30,12,"But if her husband made them null and void in the day that he heard them, then whatever proceeded out of her lips concerning her vows, or concerning the bond of her soul, shall not stand: her husband has made them void; and Yahweh will forgive her."
4906,Deuteronomy,5,1,13,"Take wise men of understanding and well known according to your tribes, and I will make them heads over you."""
4910,Deuteronomy,5,1,17,"You shall not show partiality in judgment; you shall hear the small and the great alike; you shall not be afraid of the face of man; for the judgment is God's: and the cause that is too hard for you, you shall bring to me, and I will hear it."
4914,Deuteronomy,5,1,21,"Behold, Yahweh your God has set the land before you: go up, take possession, as Yahweh, the God of your fathers, has spoken to you; don't be afraid, neither be dismayed."""
4944,Deuteronomy,5,2,5,"don't contend with them; for I will not give you of their land, no, not so much as for the sole of the foot to tread on; because I have given Mount Seir to Esau for a possession."
4948,Deuteronomy,5,2,9,"Yahweh said to me, ""Don't bother Moab, neither contend with them in battle; for I will not give you of his land for a possession; because I have given Ar to the children of Lot for a possession."""
4958,Deuteronomy,5,2,19,"and when you come near over against the children of Ammon, don't bother them, nor contend with them; for I will not give you of the land of the children of Ammon for a possession; because I have given it to the children of Lot for a possession."""
4966,Deuteronomy,5,2,27,"""Let me pass through your land: I will go along by the highway, I will turn neither to the right hand nor to the left."
5015,Deuteronomy,5,4,10,"the day that you stood before Yahweh your God in Horeb, when Yahweh said to me, ""Assemble me the people, and I will make them hear my words, that they may learn to fear me all the days that they live on the earth, and that they may teach their children."""
5032,Deuteronomy,5,4,27,"Yahweh will scatter you among the peoples, and you shall be left few in number among the nations, where Yahweh shall lead you away."
5060,Deuteronomy,5,5,6,"""I am Yahweh your God, who brought you out of the land of Egypt, out of the house of bondage."
5065,Deuteronomy,5,5,11,"""You shall not take the name of Yahweh your God in vain: for Yahweh will not hold him guiltless who takes his name in vain."
5085,Deuteronomy,5,5,31,"But as for you, stand here by me, and I will tell you all the commandment, and the statutes, and the ordinances, which you shall teach them, that they may do them in the land which I give them to possess it."""
5124,Deuteronomy,5,7,12,"It shall happen, because you listen to these ordinances, and keep and do them, that Yahweh your God will keep with you the covenant and the loving kindness which he swore to your fathers:"
5127,Deuteronomy,5,7,15,"Yahweh will take away from you all sickness; and none of the evil diseases of Egypt, which you know, he will put on you, but will lay them on all those who hate you."
5132,Deuteronomy,5,7,20,"Moreover Yahweh your God will send the hornet among them, until those who are left, and hide themselves, perish from before you."
5134,Deuteronomy,5,7,22,"Yahweh your God will cast out those nations before you by little and little: you may not consume them at once, lest the animals of the field increase on you."
5135,Deuteronomy,5,7,23,"But Yahweh your God will deliver them up before you, and will confuse them with a great confusion, until they be destroyed."
5172,Deuteronomy,5,9,14,"let me alone, that I may destroy them, and blot out their name from under the sky; and I will make of you a nation mightier and greater than they."""
5189,Deuteronomy,5,10,2,"I will write on the tables the words that were on the first tables which you broke, and you shall put them in the ark."""
5223,Deuteronomy,5,11,14,"that I will give the rain of your land in its season, the former rain and the latter rain, that you may gather in your grain, and your new wine, and your oil."
5224,Deuteronomy,5,11,15,"I will give grass in your fields for your livestock, and you shall eat and be full."
5271,Deuteronomy,5,12,30,"take heed to yourself that you not be ensnared to follow them, after that they are destroyed from before you; and that you not inquire after their gods, saying, ""How do these nations serve their gods? I will do likewise."""
5324,Deuteronomy,5,15,4,However there shall be no poor with you; (for Yahweh will surely bless you in the land which Yahweh your God gives you for an inheritance to possess it;)
5326,Deuteronomy,5,15,6,"For Yahweh your God will bless you, as he promised you: and you shall lend to many nations, but you shall not borrow; and you shall rule over many nations, but they shall not rule over you."
5330,Deuteronomy,5,15,10,"You shall surely give him, and your heart shall not be grieved when you give to him; because that for this thing Yahweh your God will bless you in all your work, and in all that you put your hand to."
5336,Deuteronomy,5,15,16,"It shall be, if he tells you, ""I will not go out from you;"" because he loves you and your house, because he is well with you;"
5338,Deuteronomy,5,15,18,"It shall not seem hard to you, when you let him go free from you; for to the double of the hire of a hireling has he served you six years: and Yahweh your God will bless you in all that you do."
5358,Deuteronomy,5,16,15,"You shall keep a feast to Yahweh your God seven days in the place which Yahweh shall choose; because Yahweh your God will bless you in all your increase, and in all the work of your hands, and you shall be altogether joyful."
5379,Deuteronomy,5,17,14,"When you are come to the land which Yahweh your God gives you, and shall possess it, and shall dwell therein, and shall say, ""I will set a king over me, like all the nations that are around me;"""
5400,Deuteronomy,5,18,15,"Yahweh your God will raise up to you a prophet from the midst of you, of your brothers, like me. You shall listen to him."
5403,Deuteronomy,5,18,18,"I will raise them up a prophet from among their brothers, like you; and I will put my words in his mouth, and he shall speak to them all that I shall command him."
5404,Deuteronomy,5,18,19,"It shall happen, that whoever will not listen to my words which he shall speak in my name, I will require it of him."
5431,Deuteronomy,5,20,3,"and shall tell them, ""Hear, Israel, you draw near this day to battle against your enemies: don't let your heart faint; don't be afraid, nor tremble, neither be scared of them;"
5522,Deuteronomy,5,23,21,"When you shall vow a vow to Yahweh your God, you shall not be slack to pay it: for Yahweh your God will surely require it of you; and it would be sin in you."
5613,Deuteronomy,5,28,1,"It shall happen, if you shall listen diligently to the voice of Yahweh your God, to observe to do all his commandments which I command you this day, that Yahweh your God will set you on high above all the nations of the earth:"
5619,Deuteronomy,5,28,7,"Yahweh will cause your enemies who rise up against you to be struck before you. They will come out against you one way, and will flee before you seven ways."
5620,Deuteronomy,5,28,8,"Yahweh will command the blessing on you in your barns, and in all that you put your hand to; and he will bless you in the land which Yahweh your God gives you."
5621,Deuteronomy,5,28,9,"Yahweh will establish you for a holy people to himself, as he has sworn to you; if you shall keep the commandments of Yahweh your God, and walk in his ways."
5623,Deuteronomy,5,28,11,"Yahweh will make you plenteous for good, in the fruit of your body, and in the fruit of your livestock, and in the fruit of your ground, in the land which Yahweh swore to your fathers to give you."
5624,Deuteronomy,5,28,12,"Yahweh will open to you his good treasure in the sky, to give the rain of your land in its season, and to bless all the work of your hand: and you shall lend to many nations, and you shall not borrow."
5625,Deuteronomy,5,28,13,"Yahweh will make you the head, and not the tail; and you shall be above only, and you shall not be beneath; if you shall listen to the commandments of Yahweh your God, which I command you this day, to observe and to do [them],"
5632,Deuteronomy,5,28,20,"Yahweh will send on you cursing, confusion, and rebuke, in all that you put your hand to do, until you are destroyed, and until you perish quickly; because of the evil of your doings, by which you have forsaken me."
5633,Deuteronomy,5,28,21,"Yahweh will make the pestilence cling to you, until he has consumed you from off the land, where you go in to possess it."
5634,Deuteronomy,5,28,22,"Yahweh will strike you with consumption, and with fever, and with inflammation, and with fiery heat, and with the sword, and with blight, and with mildew; and they shall pursue you until you perish."
5636,Deuteronomy,5,28,24,"Yahweh will make the rain of your land powder and dust: from the sky shall it come down on you, until you are destroyed."
5637,Deuteronomy,5,28,25,"Yahweh will cause you to be struck before your enemies; you shall go out one way against them, and shall flee seven ways before them: and you shall be tossed back and forth among all the kingdoms of the earth."
5639,Deuteronomy,5,28,27,"Yahweh will strike you with the boil of Egypt, and with the tumors, and with the scurvy, and with the itch, of which you can not be healed."
5640,Deuteronomy,5,28,28,"Yahweh will strike you with madness, and with blindness, and with astonishment of heart;"
5647,Deuteronomy,5,28,35,"Yahweh will strike you in the knees, and in the legs, with a sore boil, of which you can not be healed, from the sole of your foot to the crown of your head."
5648,Deuteronomy,5,28,36,"Yahweh will bring you, and your king whom you shall set over you, to a nation that you have not known, you nor your fathers; and there you shall serve other gods, wood and stone."
5661,Deuteronomy,5,28,49,"Yahweh will bring a nation against you from far, from the end of the earth, as the eagle flies; a nation whose language you shall not understand;"
5671,Deuteronomy,5,28,59,"then Yahweh will make your plagues wonderful, and the plagues of your seed, even great plagues, and of long continuance, and severe sicknesses, and of long continuance."
5673,Deuteronomy,5,28,61,"Also every sickness, and every plague, which is not written in the book of this law, Yahweh will bring them on you, until you are destroyed."
5675,Deuteronomy,5,28,63,"It shall happen that as Yahweh rejoiced over you to do you good, and to multiply you, so Yahweh will rejoice over you to cause you to perish, and to destroy you; and you shall be plucked from off the land where you go in to possess it."
5676,Deuteronomy,5,28,64,"Yahweh will scatter you among all peoples, from the one end of the earth even to the other end of the earth; and there you shall serve other gods, which you have not known, you nor your fathers, even wood and stone."
5677,Deuteronomy,5,28,65,"Among these nations you shall find no ease, and there shall be no rest for the sole of your foot: but Yahweh will give you there a trembling heart, and failing of eyes, and pining of soul;"
5680,Deuteronomy,5,28,68,"Yahweh will bring you into Egypt again with ships, by the way of which I said to you, You shall see it no more again: and there you shall sell yourselves to your enemies for bondservants and for bondmaids, and no man shall buy you."
5686,Deuteronomy,5,29,6,"You have not eaten bread, neither have you drunk wine or strong drink; that you may know that I am Yahweh your God."
5700,Deuteronomy,5,29,20,"Yahweh will not pardon him, but then the anger of Yahweh and his jealousy will smoke against that man, and all the curse that is written in this book shall lie on him, and Yahweh will blot out his name from under the sky."
5701,Deuteronomy,5,29,21,"Yahweh will set him apart to evil out of all the tribes of Israel, according to all the curses of the covenant that is written in this book of the law."
5712,Deuteronomy,5,30,3,"that then Yahweh your God will turn your captivity, and have compassion on you, and will return and gather you from all the peoples, where Yahweh your God has scattered you."
5714,Deuteronomy,5,30,5,"and Yahweh your God will bring you into the land which your fathers possessed, and you shall possess it; and he will do you good, and multiply you above your fathers."
5715,Deuteronomy,5,30,6,"Yahweh your God will circumcise your heart, and the heart of your seed, to love Yahweh your God with all your heart, and with all your soul, that you may live."
5716,Deuteronomy,5,30,7,"Yahweh your God will put all these curses on your enemies, and on those who hate you, who persecuted you."
5718,Deuteronomy,5,30,9,"Yahweh your God will make you plenteous in all the work of your hand, in the fruit of your body, and in the fruit of your livestock, and in the fruit of your ground, for good: for Yahweh will again rejoice over you for good, as he rejoiced over your fathers;"
5733,Deuteronomy,5,31,4,"Yahweh will do to them as he did to Sihon and to Og, the kings of the Amorites, and to their land; whom he destroyed."
5734,Deuteronomy,5,31,5,"Yahweh will deliver them up before you, and you shall do to them according to all the commandment which I have commanded you."
5735,Deuteronomy,5,31,6,"Be strong and courageous, don't be afraid, nor be scared of them: for Yahweh your God, he it is who does go with you; he will not fail you, nor forsake you."""
5737,Deuteronomy,5,31,8,"Yahweh, he it is who does go before you; he will be with you, he will not fail you, neither forsake you: don't be afraid, neither be dismayed."""
5746,Deuteronomy,5,31,17,"Then my anger shall be kindled against them in that day, and I will forsake them, and I will hide my face from them, and they shall be devoured, and many evils and troubles shall come on them; so that they will say in that day, 'Haven't these evils come on us because our God is not among us?'"
5747,Deuteronomy,5,31,18,"I will surely hide my face in that day for all the evil which they shall have worked, in that they are turned to other gods."
5752,Deuteronomy,5,31,23,"He commissioned Joshua the son of Nun, and said, ""Be strong and courageous; for you shall bring the children of Israel into the land which I swore to them: and I will be with you."""
5762,Deuteronomy,5,32,3,For I will proclaim the name of Yahweh. Ascribe greatness to our God!
5779,Deuteronomy,5,32,20,"He said, ""I will hide my face from them. I will see what their end shall be; for they are a very perverse generation, children in whom is no faithfulness."
5780,Deuteronomy,5,32,21,They have moved me to jealousy with that which is not God. They have provoked me to anger with their vanities. I will move them to jealousy with those who are not a people. I will provoke them to anger with a foolish nation.
5782,Deuteronomy,5,32,23,"""I will heap evils on them. I will spend my arrows on them."
5783,Deuteronomy,5,32,24,"[They shall be] wasted with hunger, and devoured with burning heat and bitter destruction. I will send the teeth of animals on them, With the poison of crawling things of the dust."
5795,Deuteronomy,5,32,36,"For Yahweh will judge his people, and have compassion on his servants, when he sees that [their] power is gone, There is none [remaining], shut up or left at large."
5800,Deuteronomy,5,32,41,"if I whet my glittering sword, My hand take hold on judgment; I will render vengeance to my adversaries, and will recompense those who hate me."
5801,Deuteronomy,5,32,42,"I will make my arrows drunk with blood. My sword shall devour flesh with the blood of the slain and the captives, from the head of the leaders of the enemy."""
5844,Deuteronomy,5,34,4,"Yahweh said to him, ""This is the land which I swore to Abraham, to Isaac, and to Jacob, saying, 'I will give it to your seed.' I have caused you to see it with your eyes, but you shall not go over there."""
5857,Joshua,6,1,5,"No man will be able to stand before you all the days of your life. As I was with Moses, so I will be with you. I will not fail you nor forsake you."
5861,Joshua,6,1,9,"Haven't I commanded you? Be strong and courageous. Don't be afraid, neither be dismayed: for Yahweh your God is with you wherever you go."""
5899,Joshua,6,3,5,"Joshua said to the people, ""Sanctify yourselves; for tomorrow Yahweh will do wonders among you."""
5901,Joshua,6,3,7,"Yahweh said to Joshua, ""Today I will begin to magnify you in the sight of all Israel, that they may know that as I was with Moses, so I will be with you."
5989,Joshua,6,7,12,"Therefore the children of Israel can't stand before their enemies. They turn their backs before their enemies, because they have become devoted for destruction. I will not be with you any more, unless you destroy the devoted things from among you."
6002,Joshua,6,7,25,"Joshua said, ""Why have you troubled us? Yahweh will trouble you this day."" All Israel stoned him with stones, and they burned them with fire and stoned them with stones."
6004,Joshua,6,8,1,"Yahweh said to Joshua, ""Don't be afraid, neither be dismayed. Take all the people of war with you, and arise, go up to Ai. Behold, I have given into your hand the king of Ai, with his people, his city, and his land."
6010,Joshua,6,8,7,"and you shall rise up from the ambush, and take possession of the city; for Yahweh your God will deliver it into your hand."
6021,Joshua,6,8,18,"Yahweh said to Joshua, ""Stretch out the javelin that is in your hand toward Ai, for I will give it into your hand."" Joshua stretched out the javelin that was in his hand toward the city."
6090,Joshua,6,10,25,"Joshua said to them, ""Don't be afraid, nor be dismayed. Be strong and courageous, for Yahweh will do this to all your enemies against whom you fight."""
6114,Joshua,6,11,6,"Yahweh said to Joshua, ""Don't be afraid because of them; for tomorrow at this time, I will deliver them up all slain before Israel. You shall hamstring their horses and burn their chariots with fire."""
6200,Joshua,6,14,12,"Now therefore give me this hill country, of which Yahweh spoke in that day; for you heard in that day how the Anakim were there, and great and fortified cities. It may be that Yahweh will be with me, and I shall drive them out, as Yahweh spoke."""
6298,Joshua,6,18,4,"Appoint for yourselves three men from each tribe. I will send them, and they shall arise, walk through the land, and describe it according to their inheritance; and they shall come to me."
6300,Joshua,6,18,6,"You shall survey the land into seven parts, and bring the description here to me; and I will cast lots for you here before Yahweh our God."
6302,Joshua,6,18,8,"The men arose and went. Joshua commanded those who went to survey the land, saying, ""Go walk through the land, survey it, and come again to me. I will cast lots for you here before Yahweh in Shiloh."""
6466,Joshua,6,23,5,"Yahweh your God will thrust them out from before you, and drive them from out of your sight. You shall possess their land, as Yahweh your God spoke to you."
6474,Joshua,6,23,13,"know for a certainty that Yahweh your God will no longer drive these nations from out of your sight; but they shall be a snare and a trap to you, a scourge in your sides, and thorns in your eyes, until you perish from off this good land which Yahweh your God has given you."
6476,Joshua,6,23,15,"It shall happen that as all the good things have come on you of which Yahweh your God spoke to you, so Yahweh will bring on you all the evil things, until he has destroyed you from off this good land which Yahweh your God has given you,"
6477,Joshua,6,23,16,"when you disobey the covenant of Yahweh your God, which he commanded you, and go and serve other gods, and bow down yourselves to them. Then the anger of Yahweh will be kindled against you, and you will perish quickly from off the good land which he has given to you."""
6547,Judges,7,2,1,"The angel of Yahweh came up from Gilgal to Bochim. He said, ""I made you to go up out of Egypt, and have brought you to the land which I swore to your fathers; and I said, 'I will never break my covenant with you:"
6549,Judges,7,2,3,"Therefore I also said, I will not drive them out from before you; but they shall be [as thorns] in your sides, and their gods shall be a snare to you."""
6607,Judges,7,4,7,"I will draw to you, to the river Kishon, Sisera, the captain of Jabin's army, with his chariots and his multitude; and I will deliver him into your hand.'"""
6608,Judges,7,4,8,"Barak said to her, ""If you will go with me, then I will go; but if you will not go with me, I will not go."""
6609,Judges,7,4,9,"She said, ""I will surely go with you: nevertheless, the journey that you take shall not be for your honor; for Yahweh will sell Sisera into the hand of a woman."" Deborah arose, and went with Barak to Kedesh."
6618,Judges,7,4,18,"Jael went out to meet Sisera, and said to him, ""Turn in, my lord, turn in to me; don't be afraid."" He came in to her into the tent, and she covered him with a rug."
6622,Judges,7,4,22,"Behold, as Barak pursued Sisera, Jael came out to meet him, and said to him, ""Come, and I will show you the man whom you seek."" He came to her; and behold, Sisera lay dead, and the tent peg was in his temples."
6627,Judges,7,5,3,"""Hear, you kings! Give ear, you princes! I, [even] I, will sing to Yahweh. I will sing praise to Yahweh, the God of Israel."
6648,Judges,7,5,24,"""Jael shall be blessed above women, the wife of Heber the Kenite; blessed shall she be above women in the tent."
6665,Judges,7,6,10,"and I said to you, ""I am Yahweh your God; you shall not fear the gods of the Amorites, in whose land you dwell."" But you have not listened to my voice.'"""
6671,Judges,7,6,16,"Yahweh said to him, ""Surely I will be with you, and you shall strike the Midianites as one man."""
6673,Judges,7,6,18,"Please don't go away, until I come to you, and bring out my present, and lay it before you."" He said, ""I will wait until you come back."""
6678,Judges,7,6,23,"Yahweh said to him, ""Peace be to you! Don't be afraid. You shall not die."""
6692,Judges,7,6,37,"behold, I will put a fleece of wool on the threshing floor; if there be dew on the fleece only, and it be dry on all the ground, then shall I know that you will save Israel by my hand, as you have spoken."""
6694,Judges,7,6,39,"Gideon said to God, ""Don't let your anger be kindled against me, and I will speak but this once. Please let me make a trial just this once with the fleece. Let it now be dry only on the fleece, and on all the ground let there be dew."""
6699,Judges,7,7,4,"Yahweh said to Gideon, ""The people are still too many. Bring them down to the water, and I will test them for you there. It shall be, that of whom I tell you, 'This shall go with you,' the same shall go with you; and of whoever I tell you, 'This shall not go with you,' the same shall not go."""
6727,Judges,7,8,7,"Gideon said, ""Therefore when Yahweh has delivered Zebah and Zalmunna into my hand, then I will tear your flesh with the thorns of the wilderness and with briers."""
6729,Judges,7,8,9,"He spoke also to the men of Penuel, saying, ""When I come again in peace, I will break down this tower."""
6743,Judges,7,8,23,"Gideon said to them, ""I will not rule over you, neither shall my son rule over you. Yahweh shall rule over you."""
6825,Judges,7,10,13,"Yet you have forsaken me, and served other gods: therefore I will save you no more."
6861,Judges,7,11,31,"then it shall be, that whatever comes forth from the doors of my house to meet me, when I return in peace from the children of Ammon, it shall be Yahweh's, and I will offer it up for a burnt offering."""
6922,Judges,7,14,12,"Samson said to them, ""Let me tell you a riddle now. If you can declare it to me within the seven days of the feast, and find it out, then I will give you thirty linen garments and thirty changes of clothing;"
6931,Judges,7,15,1,"But it happened after a while, in the time of wheat harvest, that Samson visited his wife with a young goat; and he said, ""I will go in to my wife into the room."" But her father wouldn't allow him to go in."
6933,Judges,7,15,3,"Samson said to them, ""This time I will be blameless in regard of the Philistines, when I harm them."""
6937,Judges,7,15,7,"Samson said to them, ""If you behave like this, surely I will be avenged of you, and after that I will cease."""
6967,Judges,7,16,17,"He told her all his heart, and said to her, ""No razor has ever come on my head; for I have been a Nazirite to God from my mother's womb. If I am shaved, then my strength will go from me, and I will become weak, and be like any other man."""
6970,Judges,7,16,20,"She said, ""The Philistines are upon you, Samson!"" He awoke out of his sleep, and said, ""I will go out as at other times, and shake myself free."" But he didn't know that Yahweh had departed from him."
6984,Judges,7,17,3,"He restored the eleven hundred [pieces] of silver to his mother; and his mother said, ""I most certainly dedicate the silver to Yahweh from my hand for my son, to make an engraved image and a molten image. Now therefore I will restore it to you."""
6991,Judges,7,17,10,"Micah said to him, ""Dwell with me, and be to me a father and a priest, and I will give you ten [pieces] of silver per year, a suit of clothing, and your food."" So the Levite went in."
6994,Judges,7,17,13,"Then Micah said, ""Now know I that Yahweh will do good to me, since I have a Levite to my priest."""
7049,Judges,7,19,24,"Behold, here is my virgin daughter and his concubine. I will bring them out now. Humble them, and do with them what seems good to you; but to this man don't do any such folly."""
7083,Judges,7,20,28,"and Phinehas, the son of Eleazar, the son of Aaron, stood before it in those days), saying, ""Shall I yet again go out to battle against the children of Benjamin my brother, or shall I cease?"" Yahweh said, ""Go up; for tomorrow I will deliver him into your hand."""
7178,Ruth,8,3,5,"She said to her, ""All that you say I will do."""
7184,Ruth,8,3,11,"Now, my daughter, don't be afraid; I will do to you all that you say; for all the city of my people does know that you are a worthy woman."
7195,Ruth,8,4,4,"I thought to disclose it to you, saying, 'Buy it before those who sit here, and before the elders of my people.' If you will redeem it, redeem it; but if you will not redeem it, then tell me, that I may know. For there is no one to redeem it besides you; and I am after you."" He said, ""I will redeem it."""
7224,1 Samuel,9,1,11,"She vowed a vow, and said, ""Yahweh of Armies, if you will indeed look on the affliction of your handmaid, and remember me, and not forget your handmaid, but will give to your handmaid a boy, then I will give him to Yahweh all the days of his life, and no razor shall come on his head."""
7235,1 Samuel,9,1,22,"But Hannah didn't go up; for she said to her husband, ""Not until the child is weaned; then I will bring him, that he may appear before Yahweh, and stay there forever."""
7251,1 Samuel,9,2,10,"Those who strive with Yahweh shall be broken to pieces. He will thunder against them in the sky. ""Yahweh will judge the ends of the earth. He will give strength to his king, and exalt the horn of his anointed."""
7257,1 Samuel,9,2,16,"If the man said to him, ""Let the fat be burned first, and then take as much as your soul desires;"" then he would say, ""No, but you shall give it to me now; and if not, I will take it by force."""
7272,1 Samuel,9,2,31,"Behold, the days come, that I will cut off your arm, and the arm of your father's house, that there shall not be an old man in your house."
7276,1 Samuel,9,2,35,"I will raise me up a faithful priest, that shall do according to that which is in my heart and in my mind. I will build him a sure house; and he shall walk before my anointed forever."
7288,1 Samuel,9,3,11,"Yahweh said to Samuel, ""Behold, I will do a thing in Israel, at which both the ears of everyone who hears it shall tingle."
7289,1 Samuel,9,3,12,"In that day I will perform against Eli all that I have spoken concerning his house, from the beginning even to the end."
7290,1 Samuel,9,3,13,"For I have told him that I will judge his house forever, for the iniquity which he knew, because his sons brought a curse on themselves, and he didn't restrain them."
7318,1 Samuel,9,4,20,"About the time of her death the women who stood by her said to her, ""Don't be afraid; for you have brought forth a son."" But she didn't answer, neither did she regard it."
7358,1 Samuel,9,7,5,"Samuel said, ""Gather all Israel to Mizpah, and I will pray for you to Yahweh."""
7388,1 Samuel,9,8,18,"You shall cry out in that day because of your king whom you shall have chosen you; and Yahweh will not answer you in that day."""
7400,1 Samuel,9,9,8,"The servant answered Saul again, and said, ""Behold, I have in my hand the fourth part of a shekel of silver. I will give that to the man of God, to tell us our way."""
7408,1 Samuel,9,9,16,"""Tomorrow about this time I will send you a man out of the land of Benjamin, and you shall anoint him to be prince over my people Israel; and he shall save my people out of the hand of the Philistines: for I have looked on my people, because their cry has come to me."""
7411,1 Samuel,9,9,19,"Samuel answered Saul, and said, ""I am the seer. Go up before me to the high place, for you shall eat with me today. In the morning I will let you go, and will tell you all that is in your heart."
7425,1 Samuel,9,10,6,"and the Spirit of Yahweh will come mightily on you, and you shall prophesy with them, and shall be turned into another man."
7427,1 Samuel,9,10,8,"""You shall go down before me to Gilgal; and behold, I will come down to you, to offer burnt offerings, and to sacrifice sacrifices of peace offerings: you shall wait seven days, until I come to you, and show you what you shall do."""
7448,1 Samuel,9,11,2,"Nahash the Ammonite said to them, ""On this condition I will make it with you, that all your right eyes be put out; and I will lay it for a reproach on all Israel."""
7464,1 Samuel,9,12,3,"Here I am. Witness against me before Yahweh, and before his anointed. Whose ox have I taken? Whose donkey have I taken? Whom have I defrauded? Whom have I oppressed? Of whose hand have I taken a ransom to blind my eyes therewith? I will restore it to you."""
7477,1 Samuel,9,12,16,"""Now therefore stand still and see this great thing, which Yahweh will do before your eyes."
7478,1 Samuel,9,12,17,"Isn't it wheat harvest today? I will call to Yahweh, that he may send thunder and rain; and you shall know and see that your wickedness is great, which you have done in the sight of Yahweh, in asking for a king."""
7481,1 Samuel,9,12,20,"Samuel said to the people, ""Don't be afraid. You have indeed done all this evil; yet don't turn aside from following Yahweh, but serve Yahweh with all your heart."
7483,1 Samuel,9,12,22,"For Yahweh will not forsake his people for his great name's sake, because it has pleased Yahweh to make you a people to himself."
7484,1 Samuel,9,12,23,"Moreover as for me, far be it from me that I should sin against Yahweh in ceasing to pray for you: but I will instruct you in the good and the right way."
7515,1 Samuel,9,14,6,"Jonathan said to the young man who bore his armor, ""Come, and let us go over to the garrison of these uncircumcised. It may be that Yahweh will work for us; for there is no restraint on Yahweh to save by many or by few."""
7516,1 Samuel,9,14,7,"His armor bearer said to him, ""Do all that is in your heart. Turn and, behold, I am with you according to your heart."""
7577,1 Samuel,9,15,16,"Then Samuel said to Saul, ""Stay, and I will tell you what Yahweh has said to me last night."" He said to him, ""Say on."""
7587,1 Samuel,9,15,26,"Samuel said to Saul, ""I will not return with you; for you have rejected the word of Yahweh, and Yahweh has rejected you from being king over Israel."""
7597,1 Samuel,9,16,1,"Yahweh said to Samuel, ""How long will you mourn for Saul, since I have rejected him from being king over Israel? Fill your horn with oil, and go. I will send you to Jesse the Bethlehemite; for I have provided a king for myself among his sons."""
7599,1 Samuel,9,16,3,"Call Jesse to the sacrifice, and I will show you what you shall do. You shall anoint to me him whom I name to you."""
7663,1 Samuel,9,17,44,"The Philistine said to David, ""Come to me, and I will give your flesh to the birds of the sky, and to the animals of the field."""
7665,1 Samuel,9,17,46,"Today, Yahweh will deliver you into my hand. I will strike you, and take your head from off you. I will give the dead bodies of the army of the Philistines this day to the birds of the sky, and to the wild animals of the earth; that all the earth may know that there is a God in Israel,"
7688,1 Samuel,9,18,11,"and Saul threw the spear; for he said, ""I will pin David even to the wall!"" David escaped from his presence twice."
7694,1 Samuel,9,18,17,"Saul said to David, ""Behold, my elder daughter Merab, I will give her to you as wife. Only be valiant for me, and fight Yahweh's battles."" For Saul said, ""Don't let my hand be on him, but let the hand of the Philistines be on him."""
7698,1 Samuel,9,18,21,"Saul said, I will give her to him, that she may be a snare to him, and that the hand of the Philistines may be against him. Therefore Saul said to David, ""You shall this day be my son-in-law a second time."""
7710,1 Samuel,9,19,3,"I will go out and stand beside my father in the field where you are, and I will talk with my father about you; and if I see anything, I will tell you."""
7735,1 Samuel,9,20,4,"Then Jonathan said to David, ""Whatever your soul desires, I will even do it for you."""
7747,1 Samuel,9,20,16,"So Jonathan made a covenant with the house of David, saying, ""Yahweh will require it at the hand of David's enemies."""
7751,1 Samuel,9,20,20,"I will shoot three arrows on its side, as though I shot at a mark."
7752,1 Samuel,9,20,21,"Behold, I will send the boy, saying, 'Go, find the arrows!' If I tell the boy, 'Behold, the arrows are on this side of you. Take them;' then come; for there is peace to you and no hurt, as Yahweh lives."
7791,1 Samuel,9,22,3,"David went there to Mizpeh of Moab, and he said to the king of Moab, ""Please let my father and my mother come out with you, until I know what God will do for me."""
7811,1 Samuel,9,22,23,"Stay with me, don't be afraid; for he who seeks my life seeks your life. For with me you shall be in safeguard."""
7815,1 Samuel,9,23,4,"Then David inquired of Yahweh yet again. Yahweh answered him, and said, ""Arise, go down to Keilah; for I will deliver the Philistines into your hand."""
7828,1 Samuel,9,23,17,"He said to him, ""Don't be afraid; for the hand of Saul my father shall not find you; and you shall be king over Israel, and I shall be next to you; and that also Saul my father knows."""
7834,1 Samuel,9,23,23,"See therefore, and take knowledge of all the lurking places where he hides himself, and come again to me with certainty, and I will go with you: and it shall happen, if he is in the land, that I will search him out among all the thousands of Judah."""
7844,1 Samuel,9,24,4,"The men of David said to him, ""Behold, the day of which Yahweh said to you, 'Behold, I will deliver your enemy into your hand, and you shall do to him as it shall seem good to you.'"" Then David arose, and cut off the skirt of Saul's robe secretly."
7850,1 Samuel,9,24,10,"Behold, this day your eyes have seen how that Yahweh had delivered you today into my hand in the cave. Some urged me to kill you; but I spared you; and I said, I will not put forth my hand against my lord; for he is Yahweh's anointed."
7890,1 Samuel,9,25,28,"Please forgive the trespass of your handmaid. For Yahweh will certainly make my lord a sure house, because my lord fights the battles of Yahweh; and evil shall not be found in you all your days."
7894,1 Samuel,9,25,32,"David said to Abigail, ""Blessed is Yahweh, the God of Israel, who sent you this day to meet me!"
7895,1 Samuel,9,25,33,"Blessed is your discretion, and blessed are you, that have kept me this day from blood guiltiness, and from avenging myself with my own hand."
7901,1 Samuel,9,25,39,"When David heard that Nabal was dead, he said, ""Blessed is Yahweh, who has pleaded the cause of my reproach from the hand of Nabal, and has kept back his servant from evil. Yahweh has returned the evildoing of Nabal on his own head."" David sent and spoke concerning Abigail, to take her to him as wife."
7912,1 Samuel,9,26,6,"Then answered David and said to Ahimelech the Hittite, and to Abishai the son of Zeruiah, brother to Joab, saying, ""Who will go down with me to Saul to the camp?"" Abishai said, ""I will go down with you."""
7914,1 Samuel,9,26,8,"Then Abishai said to David, ""God has delivered up your enemy into your hand this day. Now therefore please let me strike him with the spear to the earth at one stroke, and I will not strike him the second time."""
7916,1 Samuel,9,26,10,"David said, ""As Yahweh lives, Yahweh will strike him; or his day shall come to die; or he shall go down into battle and perish."
7927,1 Samuel,9,26,21,"Then Saul said, ""I have sinned. Return, my son David; for I will no more do you harm, because my life was precious in your eyes this day. Behold, I have played the fool, and have erred exceedingly."""
7929,1 Samuel,9,26,23,"Yahweh will render to every man his righteousness and his faithfulness; because Yahweh delivered you into my hand today, and I wouldn't put forth my hand against Yahweh's anointed."
7956,1 Samuel,9,28,13,"The king said to her, ""Don't be afraid. For what do you see?"" The woman said to Saul, ""I see a god coming up out of the earth."""
7962,1 Samuel,9,28,19,"Moreover Yahweh will deliver Israel also with you into the hand of the Philistines; and tomorrow you and your sons will be with me. Yahweh will deliver the army of Israel also into the hand of the Philistines."""
7966,1 Samuel,9,28,23,"But he refused, and said, I will not eat. But his servants, together with the woman, constrained him; and he listened to their voice. So he arose from the earth, and sat on the bed."
7994,1 Samuel,9,30,15,"David said to him, ""Will you bring me down to this troop?"" He said, ""Swear to me by God that you will neither kill me, nor deliver me up into the hands of my master, and I will bring you down to this troop."""
8095,2 Samuel,10,3,13,"He said, ""Good; I will make a treaty with you; but one thing I require of you. That is, you shall not see my face, unless you first bring Michal, Saul's daughter, when you come to see my face."""
8100,2 Samuel,10,3,18,"Now then do it; for Yahweh has spoken of David, saying, 'By the hand of my servant David, I will save my people Israel out of the hand of the Philistines, and out of the hand of all their enemies.'"""
8103,2 Samuel,10,3,21,"Abner said to David, ""I will arise and go, and will gather all Israel to my lord the king, that they may make a covenant with you, and that you may reign over all that your soul desires."" David sent Abner away; and he went in peace."
8152,2 Samuel,10,5,19,"David inquired of Yahweh, saying, ""Shall I go up against the Philistines? Will you deliver them into my hand?"" Yahweh said to David, ""Go up; for I will certainly deliver the Philistines into your hand."""
8180,2 Samuel,10,6,22,"I will be yet more vile than this, and will be base in my own sight. But of the handmaids of whom you have spoken, they shall honor me."""
8190,2 Samuel,10,7,9,"I have been with you wherever you went, and have cut off all your enemies from before you. I will make you a great name, like the name of the great ones who are in the earth."
8191,2 Samuel,10,7,10,"I will appoint a place for my people Israel, and will plant them, that they may dwell in their own place, and be moved no more; neither shall the children of wickedness afflict them any more, as at the first,"
8192,2 Samuel,10,7,11,and as from the day that I commanded judges to be over my people Israel. I will cause you to rest from all your enemies. Moreover Yahweh tells you that Yahweh will make you a house.
8193,2 Samuel,10,7,12,"When your days are fulfilled, and you shall sleep with your fathers, I will set up your seed after you, who shall proceed out of your bowels, and I will establish his kingdom."
8194,2 Samuel,10,7,13,"He shall build a house for my name, and I will establish the throne of his kingdom forever."
8195,2 Samuel,10,7,14,"I will be his father, and he shall be my son. If he commits iniquity, I will chasten him with the rod of men, and with the stripes of the children of men;"
8208,2 Samuel,10,7,27,"For you, Yahweh of Armies, the God of Israel, have revealed to your servant, saying, 'I will build you a house.' Therefore your servant has found in his heart to pray this prayer to you."
8235,2 Samuel,10,9,7,"David said to him, ""Don't be afraid of him; for I will surely show you kindness for Jonathan your father's sake, and will restore to you all the land of Saul your father. You shall eat bread at my table continually."""
8243,2 Samuel,10,10,2,"David said, ""I will show kindness to Hanun the son of Nahash, as his father showed kindness to me."" So David sent by his servants to comfort him concerning his father. David's servants came into the land of the children of Ammon."
8252,2 Samuel,10,10,11,"He said, ""If the Syrians are too strong for me, then you shall help me; but if the children of Ammon are too strong for you, then I will come and help you."
8271,2 Samuel,10,11,11,"Uriah said to David, ""The ark, Israel, and Judah, are staying in tents; and my lord Joab, and the servants of my lord, are encamped in the open field. Shall I then go into my house to eat and to drink, and to lie with my wife? As you live, and as your soul lives, I will not do this thing!"""
8272,2 Samuel,10,11,12,"David said to Uriah, ""Stay here today also, and tomorrow I will let you depart."" So Uriah stayed in Jerusalem that day, and the next day."
8298,2 Samuel,10,12,11,"""This is what Yahweh says: 'Behold, I will raise up evil against you out of your own house; and I will take your wives before your eyes, and give them to your neighbor, and he will lie with your wives in the sight of this sun."
8299,2 Samuel,10,12,12,"For you did it secretly, but I will do this thing before all Israel, and before the sun.'"""
8309,2 Samuel,10,12,22,"He said, ""While the child was yet alive, I fasted and wept; for I said, 'Who knows whether Yahweh will not be gracious to me, that the child may live?'"
8346,2 Samuel,10,13,28,"Absalom commanded his servants, saying, ""Mark now, when Amnon's heart is merry with wine; and when I tell you, 'Strike Amnon,' then kill him. Don't be afraid. Haven't I commanded you? Be courageous, and be valiant!"""
8365,2 Samuel,10,14,8,"The king said to the woman, ""Go to your house, and I will give a command concerning you."""
8372,2 Samuel,10,14,15,"Now therefore seeing that I have come to speak this word to my lord the king, it is because the people have made me afraid: and your handmaid said, 'I will now speak to the king; it may be that the king will perform the request of his servant.'"
8398,2 Samuel,10,15,8,"For your servant vowed a vow while I stayed at Geshur in Syria, saying, 'If Yahweh shall indeed bring me again to Jerusalem, then I will serve Yahweh.'"""
8418,2 Samuel,10,15,28,"Behold, I will stay at the fords of the wilderness, until word comes from you to inform me."""
8424,2 Samuel,10,15,34,"but if you return to the city, and tell Absalom, 'I will be your servant, O king. As I have been your father's servant in time past, so will I now be your servant; then will you defeat for me the counsel of Ahithophel.'"
8439,2 Samuel,10,16,12,"It may be that Yahweh will look on the wrong done to me, and that Yahweh will repay me good for the cursing of me today."""
8451,2 Samuel,10,17,1,"Moreover Ahithophel said to Absalom, ""Let me now choose twelve thousand men, and I will arise and pursue after David tonight."
8452,2 Samuel,10,17,2,"I will come on him while he is weary and exhausted, and will make him afraid. All the people who are with him shall flee. I will strike the king only;"
8453,2 Samuel,10,17,3,"and I will bring back all the people to you. The man whom you seek is as if all returned. All the people shall be in peace."""
8481,2 Samuel,10,18,2,"David sent forth the people, a third part under the hand of Joab, and a third part under the hand of Abishai the son of Zeruiah, Joab's brother, and a third part under the hand of Ittai the Gittite. The king said to the people, ""I will surely go forth with you myself also."""
8483,2 Samuel,10,18,4,"The king said to them, ""I will do what seems best to you."" The king stood beside the gate, and all the people went out by hundreds and by thousands."
8507,2 Samuel,10,18,28,"Ahimaaz called, and said to the king, ""All is well."" He bowed himself before the king with his face to the earth, and said, ""Blessed is Yahweh your God, who has delivered up the men who lifted up their hand against my lord the king!"""
8538,2 Samuel,10,19,26,"He answered, ""My lord, O king, my servant deceived me. For your servant said, I will saddle me a donkey, that I may ride thereon, and go with the king; because your servant is lame."
8545,2 Samuel,10,19,33,"The king said to Barzillai, ""Come over with me, and I will sustain you with me in Jerusalem."""
8550,2 Samuel,10,19,38,"The king answered, ""Chimham shall go over with me, and I will do to him that which shall seem good to you. Whatever you require of me, that I will do for you."""
8576,2 Samuel,10,20,21,"The matter is not so. But a man of the hill country of Ephraim, Sheba the son of Bichri by name, has lifted up his hand against the king, even against David. Deliver him only, and I will depart from the city."" The woman said to Joab, ""Behold, his head shall be thrown to you over the wall."""
8587,2 Samuel,10,21,6,"let seven men of his sons be delivered to us, and we will hang them up to Yahweh in Gibeah of Saul, the chosen of Yahweh."" The king said, ""I will give them."""
8606,2 Samuel,10,22,3,"God, my rock, in him I will take refuge; my shield, and the horn of my salvation, my high tower, and my refuge. My savior, you save me from violence."
8607,2 Samuel,10,22,4,"I will call on Yahweh, who is worthy to be praised: So shall I be saved from my enemies."
8632,2 Samuel,10,22,29,"For you are my lamp, Yahweh. Yahweh will light up my darkness."
8653,2 Samuel,10,22,50,"Therefore I will give thanks to you, Yahweh, among the nations. Will sing praises to your name."
8717,2 Samuel,10,24,24,"The king said to Araunah, ""No; but I will most certainly buy it from you for a price. I will not offer burnt offerings to Yahweh my God which cost me nothing."" So David bought the threshing floor and the oxen for fifty shekels of silver."
8723,1 Kings,11,1,5,"Then Adonijah the son of Haggith exalted himself, saying, ""I will be king."" Then he prepared him chariots and horsemen, and fifty men to run before him."
8779,1 Kings,11,2,8,"""Behold, there is with you Shimei the son of Gera, the Benjamite, of Bahurim, who cursed me with a grievous curse in the day when I went to Mahanaim; but he came down to meet me at the Jordan, and I swore to him by Yahweh, saying, 'I will not put you to death with the sword.'"
8789,1 Kings,11,2,18,"Bathsheba said, ""Alright. I will speak for you to the king."""
8791,1 Kings,11,2,20,"Then she said, ""I ask one small petition of you; don't deny me."" The king said to her, ""Ask on, my mother; for I will not deny you."""
8797,1 Kings,11,2,26,"To Abiathar the priest the king said, ""Go to Anathoth, to your own fields; for you are worthy of death. But I will not at this time put you to death, because you bore the ark of the Lord Yahweh before David my father, and because you were afflicted in all in which my father was afflicted."""
8801,1 Kings,11,2,30,"Benaiah came to the Tent of Yahweh, and said to him, ""Thus says the king, 'Come forth!'"" He said, ""No; but I will die here."" Benaiah brought the king word again, saying, ""Thus said Joab, and thus he answered me."""
8803,1 Kings,11,2,32,"Yahweh will return his blood on his own head, because he fell on two men more righteous and better than he, and killed them with the sword, and my father David didn't know it: Abner the son of Ner, captain of the army of Israel, and Amasa the son of Jether, captain of the army of Judah."
8831,1 Kings,11,3,14,"If you will walk in my ways, to keep my statutes and my commandments, as your father David walked, then I will lengthen your days."""
8884,1 Kings,11,5,5,"Behold, I purpose to build a house for the name of Yahweh my God, as Yahweh spoke to David my father, saying, 'Your son, whom I will set on your throne in your place, he shall build the house for my name.'"
8885,1 Kings,11,5,6,"Now therefore command that they cut me cedar trees out of Lebanon. My servants shall be with your servants; and I will give you wages for your servants according to all that you shall say. For you know that there is not among us any who knows how to cut timber like the Sidonians."""
8886,1 Kings,11,5,7,"It happened, when Hiram heard the words of Solomon, that he rejoiced greatly, and said, ""Blessed is Yahweh this day, who has given to David a wise son over this great people."""
8887,1 Kings,11,5,8,"Hiram sent to Solomon, saying, ""I have heard the message which you have sent to me. I will do all your desire concerning timber of cedar, and concerning timber of fir."
8888,1 Kings,11,5,9,"My servants shall bring them down from Lebanon to the sea. I will make them into rafts to go by sea to the place that you shall appoint me, and will cause them to be broken up there, and you shall receive them. You shall accomplish my desire, in giving food for my household."""
8910,1 Kings,11,6,13,"I will dwell among the children of Israel, and will not forsake my people Israel."""
9001,1 Kings,11,8,15,"He said, ""Blessed is Yahweh, the God of Israel, who spoke with his mouth to David your father, and has with his hand fulfilled it, saying,"
9057,1 Kings,11,9,5,"then I will establish the throne of your kingdom over Israel forever, according as I promised to David your father, saying, 'There shall not fail you a man on the throne of Israel.'"
9089,1 Kings,11,10,9,"Blessed is Yahweh your God, who delighted in you, to set you on the throne of Israel. Because Yahweh loved Israel forever, therefore made he you king, to do justice and righteousness."""
9120,1 Kings,11,11,11,"Therefore Yahweh said to Solomon, ""Because this is done by you, and you have not kept my covenant and my statutes, which I have commanded you, I will surely tear the kingdom from you, and will give it to your servant."
9121,1 Kings,11,11,12,"Notwithstanding I will not do it in your days, for David your father's sake; but I will tear it out of the hand of your son."
9122,1 Kings,11,11,13,"However I will not tear away all the kingdom; but I will give one tribe to your son, for David my servant's sake, and for Jerusalem's sake which I have chosen."""
9140,1 Kings,11,11,31,"He said to Jeroboam, ""Take ten pieces; for thus says Yahweh, the God of Israel, 'Behold, I will tear the kingdom out of the hand of Solomon, and will give ten tribes to you"
9143,1 Kings,11,11,34,"""'However I will not take the whole kingdom out of his hand; but I will make him prince all the days of his life, for David my servant's sake whom I chose, who kept my commandments and my statutes;"
9144,1 Kings,11,11,35,"but I will take the kingdom out of his son's hand, and will give it to you, even ten tribes."
9146,1 Kings,11,11,37,"I will take you, and you shall reign according to all that your soul desires, and shall be king over Israel."
9147,1 Kings,11,11,38,"It shall be, if you will listen to all that I command you, and will walk in my ways, and do that which is right in my eyes, to keep my statutes and my commandments, as David my servant did; that I will be with you, and will build you a sure house, as I built for David, and will give Israel to you."
9148,1 Kings,11,11,39,"I will for this afflict the seed of David, but not forever.'"""
9163,1 Kings,11,12,11,"Now whereas my father burdened you with a heavy yoke, I will add to your yoke: my father chastised you with whips, but I will chastise you with scorpions.'"""
9166,1 Kings,11,12,14,"and spoke to them according to the counsel of the young men, saying, ""My father made your yoke heavy, but I will add to your yoke. My father chastised you with whips, but I will chastise you with scorpions."""
9192,1 Kings,11,13,7,"The king said to the man of God, ""Come home with me, and refresh yourself, and I will give you a reward."""
9229,1 Kings,11,14,10,"therefore, behold, I will bring evil on the house of Jeroboam, and will cut off from Jeroboam everyone who urinates on a wall, he who is shut up and he who is left at large in Israel, and will utterly sweep away the house of Jeroboam, as a man sweeps away dung, until it is all gone."
9233,1 Kings,11,14,14,"Moreover Yahweh will raise him up a king over Israel, who shall cut off the house of Jeroboam. This is day! What? Even now."
9234,1 Kings,11,14,15,"For Yahweh will strike Israel, as a reed is shaken in the water; and he will root up Israel out of this good land which he gave to their fathers, and will scatter them beyond the River, because they have made their Asherim, provoking Yahweh to anger."
9287,1 Kings,11,16,3,"behold, I will utterly sweep away Baasha and his house; and I will make your house like the house of Jeroboam the son of Nebat."
9331,1 Kings,11,17,13,"Elijah said to her, ""Don't be afraid. Go and do as you have said; but make me of it a little cake first, and bring it out to me, and afterward make some for you and for your son."
9343,1 Kings,11,18,1,"It happened after many days, that the word of Yahweh came to Elijah, in the third year, saying, ""Go, show yourself to Ahab; and I will send rain on the earth."""
9354,1 Kings,11,18,12,"It will happen, as soon as I am gone from you, that the Spirit of Yahweh will carry you I don't know where; and so when I come and tell Ahab, and he can't find you, he will kill me. But I, your servant, have feared Yahweh from my youth."
9357,1 Kings,11,18,15,"Elijah said, ""As Yahweh of Armies lives, before whom I stand, I will surely show myself to him today."""
9365,1 Kings,11,18,23,"Let them therefore give us two bulls; and let them choose one bull for themselves, and cut it in pieces, and lay it on the wood, and put no fire under; and I will dress the other bull, and lay it on the wood, and put no fire under it."
9366,1 Kings,11,18,24,"You call on the name of your god, and I will call on the name of Yahweh. The God who answers by fire, let him be God."" All the people answered, ""It is well said."""
9408,1 Kings,11,19,20,"He left the oxen, and ran after Elijah, and said, ""Let me please kiss my father and my mother, and then I will follow you."" He said to him, ""Go back again; for what have I done to you?"""
9415,1 Kings,11,20,6,"but I will send my servants to you tomorrow about this time, and they shall search your house, and the houses of your servants; and it shall be, that whatever is pleasant in your eyes, they shall put it in their hand, and take it away.""'"""
9418,1 Kings,11,20,9,"Therefore he said to the messengers of Ben Hadad, ""Tell my lord the king, 'All that you sent for to your servant at the first I will do; but this thing I cannot do.'"" The messengers departed, and brought him back the message."
9422,1 Kings,11,20,13,"Behold, a prophet came near to Ahab king of Israel, and said, ""Thus says Yahweh, 'Have you seen all this great multitude? Behold, I will deliver it into your hand this day; and you shall know that I am Yahweh.'"""
9437,1 Kings,11,20,28,"A man of God came near and spoke to the king of Israel, and said, ""Thus says Yahweh, 'Because the Syrians have said, ""Yahweh is a god of the hills, but he is not a god of the valleys;"" therefore I will deliver all this great multitude into your hand, and you shall know that I am Yahweh.'"""
9443,1 Kings,11,20,34,"Ben Hadad said to him, ""The cities which my father took from your father I will restore. You shall make streets for yourself in Damascus, as my father made in Samaria."" ""I,"" said Ahab, ""will let you go with this covenant."" So he made a covenant with him, and let him go."
9454,1 Kings,11,21,2,"Ahab spoke to Naboth, saying, ""Give me your vineyard, that I may have it for a garden of herbs, because it is near to my house; and I will give you for it a better vineyard than it. Or, if it seems good to you, I will give you its worth in money."""
9456,1 Kings,11,21,4,"Ahab came into his house sullen and angry because of the word which Naboth the Jezreelite had spoken to him; for he had said, ""I will not give you the inheritance of my fathers."" He laid himself down on his bed, and turned away his face, and would eat no bread."
9458,1 Kings,11,21,6,"He said to her, ""Because I spoke to Naboth the Jezreelite, and said to him, 'Give me your vineyard for money; or else, if it pleases you, I will give you another vineyard for it.' He answered, 'I will not give you my vineyard.'"""
9459,1 Kings,11,21,7,"Jezebel his wife said to him, ""Do you now govern the kingdom of Israel? Arise, and eat bread, and let your heart be merry. I will give you the vineyard of Naboth the Jezreelite."""
9473,1 Kings,11,21,21,"Behold, I will bring evil on you, and will utterly sweep you away and will cut off from Ahab everyone who urinates against a wall, and him who is shut up and him who is left at large in Israel."
9474,1 Kings,11,21,22,"I will make your house like the house of Jeroboam the son of Nebat, and like the house of Baasha the son of Ahijah for the provocation with which you have provoked me to anger, and have made Israel to sin."""
9481,1 Kings,11,21,29,"""See how Ahab humbles himself before me? Because he humbles himself before me, I will not bring the evil in his days; but in his son's days will I bring the evil on his house."""
9487,1 Kings,11,22,6,"Then the king of Israel gathered the prophets together, about four hundred men, and said to them, ""Shall I go against Ramoth Gilead to battle, or shall I forbear?"" They said, ""Go up; for the Lord will deliver it into the hand of the king."""
9493,1 Kings,11,22,12,"All the prophets prophesied so, saying, ""Go up to Ramoth Gilead, and prosper; for Yahweh will deliver it into the hand of the king."""
9496,1 Kings,11,22,15,"When he had come to the king, the king said to him, ""Micaiah, shall we go to Ramoth Gilead to battle, or shall we forbear?"" He answered him, ""Go up and prosper; and Yahweh will deliver it into the hand of the king."""
9502,1 Kings,11,22,21,"A spirit came out and stood before Yahweh, and said, 'I will entice him.'"
9503,1 Kings,11,22,22,"Yahweh said to him, 'How?' He said, 'I will go out and will be a lying spirit in the mouth of all his prophets.' He said, 'You will entice him, and will also prevail. Go out and do so.'"
9511,1 Kings,11,22,30,"The king of Israel said to Jehoshaphat, ""I will disguise myself, and go into the battle; but you put on your robes."" The king of Israel disguised himself, and went into the battle."
9536,2 Kings,12,1,2,"Ahaziah fell down through the lattice in his upper room that was in Samaria, and was sick. So he sent messengers, and said to them, ""Go, inquire of Baal Zebub, the god of Ekron, whether I will recover of this sickness."""
9549,2 Kings,12,1,15,"The angel of Yahweh said to Elijah, ""Go down with him. Don't be afraid of him."" He arose, and went down with him to the king."
9554,2 Kings,12,2,2,"Elijah said to Elisha, ""Please wait here, for Yahweh has sent me as far as Bethel."" Elisha said, ""As Yahweh lives, and as your soul lives, I will not leave you."" So they went down to Bethel."
9555,2 Kings,12,2,3,"The sons of the prophets who were at Bethel came out to Elisha, and said to him, ""Do you know that Yahweh will take away your master from your head today?"" He said, ""Yes, I know it; hold your peace."""
9556,2 Kings,12,2,4,"Elijah said to him, ""Elisha, please wait here, for Yahweh has sent me to Jericho."" He said, ""As Yahweh lives, and as your soul lives, I will not leave you."" So they came to Jericho."
9557,2 Kings,12,2,5,"The sons of the prophets who were at Jericho came near to Elisha, and said to him, ""Do you know that Yahweh will take away your master from your head today?"" He answered, ""Yes, I know it. Hold your peace."""
9558,2 Kings,12,2,6,"Elijah said to him, ""Please wait here, for Yahweh has sent me to the Jordan."" He said, ""As Yahweh lives, and as your soul lives, I will not leave you."" They both went on."
9584,2 Kings,12,3,7,"He went and sent to Jehoshaphat the king of Judah, saying, ""The king of Moab has rebelled against me. Will you go with me against Moab to battle?"" He said, ""I will go up. I am as you are, my people as your people, my horses as your horses."""
9634,2 Kings,12,4,30,"The mother of the child said, ""As Yahweh lives, and as your soul lives, I will not leave you."" He arose, and followed her."
9653,2 Kings,12,5,5,"The king of Syria said, ""Go now, and I will send a letter to the king of Israel."" He departed, and took with him ten talents of silver, and six thousand pieces of gold, and ten changes of clothing."
9664,2 Kings,12,5,16,"But he said, ""As Yahweh lives, before whom I stand, I will receive none."" He urged him to take it; but he refused."
9668,2 Kings,12,5,20,"But Gehazi the servant of Elisha the man of God, said, ""Behold, my master has spared this Naaman the Syrian, in not receiving at his hands that which he brought. As Yahweh lives, I will run after him, and take something from him."""
9691,2 Kings,12,6,16,"He answered, ""Don't be afraid; for those who are with us are more than those who are with them."""
9694,2 Kings,12,6,19,"Elisha said to them, ""This is not the way, neither is this the city. Follow me, and I will bring you to the man whom you seek."" He led them to Samaria."
9720,2 Kings,12,7,12,"The king arose in the night, and said to his servants, ""I will now show you what the Syrians have done to us. They know that we are hungry. Therefore are they gone out of the camp to hide themselves in the field, saying, 'When they come out of the city, we shall take them alive, and get into the city.'"""
9765,2 Kings,12,9,8,"For the whole house of Ahab shall perish. I will cut off from Ahab everyone who urinates against a wall, both him who is shut up and him who is left at large in Israel."
9766,2 Kings,12,9,9,"I will make the house of Ahab like the house of Jeroboam the son of Nebat, and like the house of Baasha the son of Ahijah."
9783,2 Kings,12,9,26,"'Surely I have seen yesterday the blood of Naboth, and the blood of his sons,' says Yahweh; 'and I will repay you in this plot of ground,' says Yahweh. Now therefore take and cast him onto the plot of ground, according to the word of Yahweh."""
10048,2 Kings,12,18,23,"Now therefore, please give pledges to my master the king of Assyria, and I will give you two thousand horses, if you are able on your part to set riders on them."
10055,2 Kings,12,18,30,"Neither let Hezekiah make you trust in Yahweh, saying, ""Yahweh will surely deliver us, and this city shall not be given into the hand of the king of Assyria."""
10057,2 Kings,12,18,32,"until I come and take you away to a land like your own land, a land of grain and new wine, a land of bread and vineyards, a land of olive trees and of honey, that you may live, and not die. Don't listen to Hezekiah, when he persuades you, saying, ""Yahweh will deliver us."""
10066,2 Kings,12,19,4,"It may be Yahweh your God will hear all the words of Rabshakeh, whom the king of Assyria his master has sent to defy the living God, and will rebuke the words which Yahweh your God has heard. Therefore lift up your prayer for the remnant that is left.'"""
10068,2 Kings,12,19,6,"Isaiah said to them, ""Thus you shall tell your master, 'Thus says Yahweh, ""Don't be afraid of the words that you have heard, with which the servants of the king of Assyria have blasphemed me."
10069,2 Kings,12,19,7,"Behold, I will put a spirit in him, and he will hear news, and will return to his own land. I will cause him to fall by the sword in his own land.""'"""
10085,2 Kings,12,19,23,"By your messengers you have defied the Lord, and have said, 'With the multitude of my chariots, I have come up to the height of the mountains, to the innermost parts of Lebanon; and I will cut down its tall cedars, and its choice fir trees; and I will enter into his farthest lodging place, the forest of his fruitful field."
10090,2 Kings,12,19,28,"Because of your raging against me, and because your arrogance has come up into my ears, therefore will I put my hook in your nose, and my bridle in your lips, and I will turn you back by the way by which you came."""
10093,2 Kings,12,19,31,"For out of Jerusalem a remnant will go out, and out of Mount Zion those who shall escape. The zeal of Yahweh will perform this.'"
10096,2 Kings,12,19,34,"'For I will defend this city to save it, for my own sake, and for my servant David's sake.'"""
10104,2 Kings,12,20,5,"""Turn back, and tell Hezekiah the prince of my people, 'Thus says Yahweh, the God of David your father, ""I have heard your prayer. I have seen your tears. Behold, I will heal you. On the third day, you shall go up to the house of Yahweh."
10105,2 Kings,12,20,6,"I will add to your days fifteen years. I will deliver you and this city out of the hand of the king of Assyria. I will defend this city for my own sake, and for my servant David's sake.""'"""
10107,2 Kings,12,20,8,"Hezekiah said to Isaiah, ""What shall be the sign that Yahweh will heal me, and that I shall go up to the house of Yahweh the third day?"""
10108,2 Kings,12,20,9,"Isaiah said, ""This shall be the sign to you from Yahweh, that Yahweh will do the thing that he has spoken: shall the shadow go forward ten steps, or go back ten steps?"""
10124,2 Kings,12,21,4,"He built altars in the house of Yahweh, of which Yahweh said, ""I will put my name in Jerusalem."""
10133,2 Kings,12,21,13,"I will stretch over Jerusalem the line of Samaria, and the plummet of the house of Ahab; and I will wipe Jerusalem as a man wipes a dish, wiping it and turning it upside down."
10134,2 Kings,12,21,14,"I will cast off the remnant of my inheritance, and deliver them into the hand of their enemies. They will become a prey and a spoil to all their enemies;"
10162,2 Kings,12,22,16,"""Thus says Yahweh, 'Behold, I will bring evil on this place, and on its inhabitants, even all the words of the book which the king of Judah has read."
10166,2 Kings,12,22,20,"'Therefore, behold, I will gather you to your fathers, and you shall be gathered to your grave in peace, neither shall your eyes see all the evil which I will bring on this place.'""'"" They brought back this message to the king."
10193,2 Kings,12,23,27,"Yahweh said, ""I will remove Judah also out of my sight, as I have removed Israel, and I will cast off this city which I have chosen, even Jerusalem, and the house of which I said, 'My name shall be there.'"""
10247,2 Kings,12,25,24,"Gedaliah swore to them and to their men, and said to them, ""Don't be afraid because of the servants of the Chaldeans. Dwell in the land, and serve the king of Babylon, and it shall be well with you."""
10785,1 Chronicles,13,14,10,"David inquired of God, saying, ""Shall I go up against the Philistines? Will you deliver them into my hand?"" Yahweh said to him, ""Go up; for I will deliver them into your hand."""
10839,1 Chronicles,13,16,18,"saying, ""I will give you the land of Canaan, The lot of your inheritance,"""
10872,1 Chronicles,13,17,8,"I have been with you wherever you have gone, and have cut off all your enemies from before you. I will make you a name, like the name of the great ones who are in the earth."
10873,1 Chronicles,13,17,9,"I will appoint a place for my people Israel, and will plant them, that they may dwell in their own place, and be moved no more; neither shall the children of wickedness waste them any more, as at the first,"
10874,1 Chronicles,13,17,10,and from the day that I commanded judges to be over my people Israel; and I will subdue all your enemies. Moreover I tell you that Yahweh will build you a house.
10875,1 Chronicles,13,17,11,"It shall happen, when your days are fulfilled that you must go to be with your fathers, that I will set up your seed after you, who shall be of your sons; and I will establish his kingdom."
10876,1 Chronicles,13,17,12,"He shall build me a house, and I will establish his throne forever."
10877,1 Chronicles,13,17,13,"I will be his father, and he shall be my son. I will not take my loving kindness away from him, as I took it from him that was before you;"
10878,1 Chronicles,13,17,14,"but I will settle him in my house and in my kingdom forever. His throne shall be established forever.""'"""
10910,1 Chronicles,13,19,2,"David said, ""I will show kindness to Hanun the son of Nahash, because his father showed kindness to me."" So David sent messengers to comfort him concerning his father. David's servants came into the land of the children of Ammon to Hanun, to comfort him."
10920,1 Chronicles,13,19,12,"He said, ""If the Syrians are too strong for me, then you are to help me; but if the children of Ammon are too strong for you, then I will help you."
10959,1 Chronicles,13,21,24,"King David said to Ornan, ""No; but I will most certainly buy it for the full price. For I will not take that which is yours for Yahweh, nor offer a burnt offering without cost."""
10970,1 Chronicles,13,22,5,"David said, ""Solomon my son is young and tender, and the house that is to be built for Yahweh must be exceedingly magnificent, of fame and of glory throughout all countries. I will therefore make preparation for it."" So David prepared abundantly before his death."
10974,1 Chronicles,13,22,9,"Behold, a son shall be born to you, who shall be a man of rest. I will give him rest from all his enemies all around; for his name shall be Solomon, and I will give peace and quietness to Israel in his days."
10975,1 Chronicles,13,22,10,"He shall build a house for my name; and he shall be my son, and I will be his father; and I will establish the throne of his kingdom over Israel for ever.'"
10978,1 Chronicles,13,22,13,"Then you will prosper, if you observe to do the statutes and the ordinances which Yahweh gave Moses concerning Israel. Be strong, and courageous. Don't be afraid, neither be dismayed."
11150,1 Chronicles,13,28,6,"He said to me, 'Solomon, your son, shall build my house and my courts; for I have chosen him to be my son, and I will be his father."
11151,1 Chronicles,13,28,7,"I will establish his kingdom forever, if he continues to do my commandments and my ordinances, as at this day.'"
11164,1 Chronicles,13,28,20,"David said to Solomon his son, ""Be strong and courageous, and do it. Don't be afraid, nor be dismayed; for Yahweh God, even my God, is with you. He will not fail you, nor forsake you, until all the work for the service of the house of Yahweh is finished."
11207,2 Chronicles,14,1,12,"wisdom and knowledge is granted to you. I will give you riches, wealth, and honor, such as none of the kings have had who have been before you; neither shall there any after you have the like."""
11222,2 Chronicles,14,2,10,"Behold, I will give to your servants, the cutters who cut timber, twenty thousand measures of beaten wheat, and twenty thousand measures of barley, and twenty thousand baths of wine, and twenty thousand baths of oil."""
11343,2 Chronicles,14,7,18,"then I will establish the throne of your kingdom, according as I covenanted with David your father, saying, 'There shall not fail you a man to be ruler in Israel.'"
11345,2 Chronicles,14,7,20,"then I will pluck them up by the roots out of my land which I have given them; and this house, which I have made holy for my name, I will cast out of my sight, and I will make it a proverb and a byword among all peoples."
11407,2 Chronicles,14,10,11,"Now whereas my father burdened you with a heavy yoke, I will add to your yoke. My father chastised you with whips, but I [will chastise you] with scorpions.'"""
11410,2 Chronicles,14,10,14,"and spoke to them after the counsel of the young men, saying, ""My father made your yoke heavy, but I will add to it. My father chastised you with whips, but I will chastise you with scorpions."""
11445,2 Chronicles,14,12,7,"When Yahweh saw that they humbled themselves, the word of Yahweh came to Shemaiah, saying, ""They have humbled themselves. I will not destroy them; but I will grant them some deliverance, and my wrath shall not be poured out on Jerusalem by the hand of Shishak."
11548,2 Chronicles,14,18,5,"Then the king of Israel gathered the prophets together, four hundred men, and said to them, ""Shall we go to Ramoth Gilead to battle, or shall I forbear?"" They said, ""Go up; for God will deliver it into the hand of the king."""
11554,2 Chronicles,14,18,11,"All the prophets prophesied so, saying, ""Go up to Ramoth Gilead, and prosper; for Yahweh will deliver it into the hand of the king."""
11563,2 Chronicles,14,18,20,"A spirit came out, stood before Yahweh, and said, 'I will entice him.' ""Yahweh said to him, 'How?'"
11564,2 Chronicles,14,18,21,"""He said, 'I will go forth, and will be a lying spirit in the mouth of all his prophets.' ""He said, 'You will entice him, and will prevail also. Go forth, and do so.'"
11572,2 Chronicles,14,18,29,"The king of Israel said to Jehoshaphat, ""I will disguise myself, and go into the battle; but you put on your robes."" So the king of Israel disguised himself; and they went into the battle."
11603,2 Chronicles,14,20,15,"and he said, ""Listen, all Judah, and you inhabitants of Jerusalem, and you king Jehoshaphat. Thus says Yahweh to you, 'Don't be afraid, neither be dismayed by reason of this great multitude; for the battle is not yours, but God's."
11605,2 Chronicles,14,20,17,"You will not need to fight this battle. Set yourselves, stand still, and see the salvation of Yahweh with you, O Judah and Jerusalem. Don't be afraid, nor be dismayed. Go out against them tomorrow, for Yahweh is with you.'"""
11639,2 Chronicles,14,21,14,"behold, Yahweh will strike with a great plague your people, and your children, and your wives, and all your substance;"
11713,2 Chronicles,14,25,8,"But if you will go, take action, be strong for the battle. God will overthrow you before the enemy; for God has power to help, and to overthrow."""
11788,2 Chronicles,14,28,23,"For he sacrificed to the gods of Damascus, which struck him; and he said, ""Because the gods of the kings of Syria helped them, so I will sacrifice to them, that they may help me."" But they were the ruin of him, and of all Israel."
11883,2 Chronicles,14,32,7,"""Be strong and courageous, don't be afraid nor dismayed for the king of Assyria, nor for all the multitude who is with him; for there is a greater with us than with him."
11887,2 Chronicles,14,32,11,"Doesn't Hezekiah persuade you, to give you over to die by famine and by thirst, saying, 'Yahweh our God will deliver us out of the hand of the king of Assyria?'"
11958,2 Chronicles,14,34,24,"""Thus says Yahweh, 'Behold, I will bring evil on this place, and on its inhabitants, even all the curses that are written in the book which they have read before the king of Judah."
11962,2 Chronicles,14,34,28,"""Behold, I will gather you to your fathers, and you shall be gathered to your grave in peace, neither shall your eyes see all the evil that I will bring on this place, and on its inhabitants.""'"" They brought back word to the king."
12305,Nehemiah,16,1,8,"""Remember, I beg you, the word that you commanded your servant Moses, saying, 'If you trespass, I will scatter you abroad among the peoples;"
12374,Nehemiah,16,4,14,"I looked, and rose up, and said to the nobles, and to the rulers, and to the rest of the people, ""Don't be afraid of them! Remember the Lord, who is great and awesome, and fight for your brothers, your sons, and your daughters, your wives, and your houses."""
12380,Nehemiah,16,4,20,"Wherever you hear the sound of the trumpet, rally there to us. Our God will fight for us."""
12413,Nehemiah,16,6,11,"I said, ""Should such a man as I flee? Who is there that, being such as I, would go into the temple to save his life? I will not go in."""
12693,Nehemiah,16,13,21,"Then I testified against them, and said to them, ""Why do you stay around the wall? If you do so again, I will lay hands on you."" From that time on, they didn't come on the Sabbath."
12757,Esther,17,3,9,"If it pleases the king, let it be written that they be destroyed; and I will pay ten thousand talents of silver into the hands of those who are in charge of the king's business, to bring it into the king's treasuries."""
12779,Esther,17,4,16,"""Go, gather together all the Jews who are present in Shushan, and fast for me, and neither eat nor drink three days, night or day. I and my maidens will also fast the same way. Then I will go in to the king, which is against the law; and if I perish, I perish."""
12788,Esther,17,5,8,"If I have found favor in the sight of the king, and if it please the king to grant my petition and to perform my request, let the king and Haman come to the banquet that I will prepare for them, and I will do tomorrow as the king has said."""
13003,Job,18,6,24,"""Teach me, and I will hold my peace. Cause me to understand wherein I have erred."
13020,Job,18,7,11,"""Therefore I will not keep silent. I will speak in the anguish of my spirit. I will complain in the bitterness of my soul."
13050,Job,18,8,20,"""Behold, God will not cast away a blameless man, neither will he uphold the evildoers."
13065,Job,18,9,13,"""God will not withdraw his anger. The helpers of Rahab stoop under him."
13079,Job,18,9,27,"If I say, 'I will forget my complaint, I will put off my sad face, and cheer up;'"
13088,Job,18,10,1,"""My soul is weary of my life. I will give free course to my complaint. I will speak in the bitterness of my soul."
13089,Job,18,10,2,"I will tell God, 'Do not condemn me. Show me why you contend with me."
13169,Job,18,13,15,"Behold, he will kill me. I have no hope. Nevertheless, I will maintain my ways before him."
13174,Job,18,13,20,"""Only don't do two things to me; then I will not hide myself from your face:"
13176,Job,18,13,22,"Then call, and I will answer; or let me speak, and you answer me."
13221,Job,18,15,17,"""I will show you, listen to me; that which I have seen I will declare:"
13342,Job,18,20,15,"He has swallowed down riches, and he shall vomit them up again. God will cast them out of his belly."
13350,Job,18,20,23,"When he is about to fill his belly, God will cast the fierceness of his wrath on him. It will rain on him while he is eating."
13487,Job,18,27,5,Far be it from me that I should justify you. Until I die I will not put away my integrity from me.
13493,Job,18,27,11,I will teach you about the hand of God. That which is with the Almighty will I not conceal.
13649,Job,18,32,20,"I will speak, that I may be refreshed. I will open my lips and answer."
13663,Job,18,33,12,"""Behold, I will answer you. In this you are not just, for God is greater than man."
13684,Job,18,33,33,"If not, listen to me. Hold your peace, and I will teach you wisdom."""
13696,Job,18,34,12,"Yes surely, God will not do wickedly, neither will the Almighty pervert justice."
13715,Job,18,34,31,"""For has any said to God, 'I am guilty, but I will not offend any more."
13716,Job,18,34,32,"Teach me that which I don't see. If I have done iniquity, I will do it no more'?"
13725,Job,18,35,4,"I will answer you, and your companions with you."
13734,Job,18,35,13,"Surely God will not hear an empty cry, neither will the Almighty regard it."
13739,Job,18,36,2,"""Bear with me a little, and I will show you; for I still have something to say on God's behalf."
13740,Job,18,36,3,"I will get my knowledge from afar, and will ascribe righteousness to my Maker."
13797,Job,18,38,3,"Brace yourself like a man, for I will question you, then you answer me!"
13870,Job,18,40,5,"I have spoken once, and I will not answer; Yes, twice, but I will proceed no further."""
13872,Job,18,40,7,"""Now brace yourself like a man. I will question you, and you will answer me."
13879,Job,18,40,14,Then I will also admit to you that your own right hand can save you.
13901,Job,18,41,12,"""I will not keep silence concerning his limbs, nor his mighty strength, nor his goodly frame."
13927,Job,18,42,4,"You said, 'Listen, now, and I will speak; I will question you, and you will answer me.'"
13931,Job,18,42,8,"Now therefore, take to yourselves seven bulls and seven rams, and go to my servant Job, and offer up for yourselves a burnt offering; and my servant Job shall pray for you, for I will accept him, that I not deal with you according to your folly. For you have not spoken of me the thing that is right, as my servant Job has."""
13941,Psalms,19,1,1,"Blessed is the man who doesn't walk in the counsel of the wicked, nor stand in the way of sinners, nor sit in the seat of scoffers;"
13950,Psalms,19,2,4,He who sits in the heavens will laugh. The Lord will have them in derision.
13953,Psalms,19,2,7,"I will tell of the decree. Yahweh said to me, ""You are my son. Today I have become your father."
13954,Psalms,19,2,8,"Ask of me, and I will give the nations for your inheritance, the uttermost parts of the earth for your possession."
13964,Psalms,19,3,6,I will not be afraid of tens of thousands of people who have set themselves against me on every side.
13969,Psalms,19,4,3,But know that Yahweh has set apart for himself him who is godly: Yahweh will hear when I call to him.
13974,Psalms,19,4,8,"In peace I will both lay myself down and sleep, for you, Yahweh alone, make me live in safety. For the Chief Musician, with the flutes. A Psalm by David."
13977,Psalms,19,5,3,"Yahweh, in the morning you shall hear my voice. In the morning I will lay my requests before you, and will watch expectantly."
13981,Psalms,19,5,7,"But as for me, in the abundance of your loving kindness I will come into your house. I will bow toward your holy temple in reverence of you."
13986,Psalms,19,5,12,"For you will bless the righteous. Yahweh, you will surround him with favor as with a shield. For the Chief Musician; on stringed instruments, upon the eight-stringed lyre. A Psalm by David."
14013,Psalms,19,7,17,"I will give thanks to Yahweh according to his righteousness, and will sing praise to the name of Yahweh Most High. For the Chief Musician; on an instrument of Gath. A Psalm by David."
14023,Psalms,19,9,1,I will give thanks to Yahweh with my whole heart. I will tell of all your marvelous works.
14024,Psalms,19,9,2,"I will be glad and rejoice in you. I will sing praise to your name, O Most High."
14031,Psalms,19,9,9,Yahweh will also be a high tower for the oppressed; a high tower in times of trouble.
14036,Psalms,19,9,14,"that I may show forth all your praise. In the gates of the daughter of Zion, I will rejoice in your salvation."
14072,Psalms,19,12,5,"""Because of the oppression of the weak and because of the groaning of the needy, I will now arise,"" says Yahweh; ""I will set him in safety from those who malign him."""
14081,Psalms,19,13,6,"I will sing to Yahweh, because he has been good to me. For the Chief Musician. By David."
14097,Psalms,19,16,4,"Their sorrows shall be multiplied who give gifts to another god. Their drink offerings of blood I will not offer, nor take their names on my lips."
14100,Psalms,19,16,7,"I will bless Yahweh, who has given me counsel. Yes, my heart instructs me in the night seasons."
14147,Psalms,19,18,28,"For you will light my lamp, Yahweh. My God will light up my darkness."
14156,Psalms,19,18,37,"I will pursue my enemies, and overtake them. Neither will I turn again until they are consumed."
14157,Psalms,19,18,38,"I will strike them through, so that they will not be able to rise. They shall fall under my feet."
14168,Psalms,19,18,49,"Therefore I will give thanks to you, Yahweh, among the nations, and will sing praises to your name."
14182,Psalms,19,19,13,Keep back your servant also from presumptuous sins. Let them not have dominion over me. Then I will be upright. I will be blameless and innocent of great transgression.
14201,Psalms,19,21,9,You will make them as a fiery furnace in the time of your anger. Yahweh will swallow them up in his wrath. The fire shall devour them.
14227,Psalms,19,22,22,"I will declare your name to my brothers. In the midst of the assembly, I will praise you."
14230,Psalms,19,22,25,Of you comes my praise in the great assembly. I will pay my vows before those who fear him.
14240,Psalms,19,23,4,"Even though I walk through the valley of the shadow of death, I will fear no evil, for you are with me. Your rod and your staff, they comfort me."
14242,Psalms,19,23,6,"Surely goodness and loving kindness shall follow me all the days of my life, and I will dwell in Yahweh's house forever. A Psalm by David."
14280,Psalms,19,26,6,"I will wash my hands in innocence, so I will go about your altar, Yahweh;"
14285,Psalms,19,26,11,"But as for me, I will walk in my integrity. Redeem me, and be merciful to me."
14286,Psalms,19,26,12,My foot stands in an even place. In the congregations I will bless Yahweh. By David.
14289,Psalms,19,27,3,"Though an army should encamp against me, my heart shall not fear. Though war should rise against me, even then I will be confident."
14290,Psalms,19,27,4,"One thing I have asked of Yahweh, that I will seek after, that I may dwell in the house of Yahweh all the days of my life, to see Yahweh's beauty, and to inquire in his temple."
14292,Psalms,19,27,6,"Now my head will be lifted up above my enemies around me. I will offer sacrifices of joy in his tent. I will sing, yes, I will sing praises to Yahweh."
14294,Psalms,19,27,8,"When you said, ""Seek my face,"" my heart said to you, ""I will seek your face, Yahweh."""
14296,Psalms,19,27,10,"When my father and my mother forsake me, then Yahweh will take me up."
14299,Psalms,19,27,13,I am still confident of this: I will see the goodness of Yahweh in the land of the living.
14307,Psalms,19,28,7,"Yahweh is my strength and my shield. My heart has trusted in him, and I am helped. Therefore my heart greatly rejoices. With my song I will thank him."
14320,Psalms,19,29,11,Yahweh will give strength to his people. Yahweh will bless his people with peace. A Psalm. A Song for the Dedication of the Temple. By David.
14321,Psalms,19,30,1,"I will extol you, Yahweh, for you have raised me up, and have not made my foes to rejoice over me."
14332,Psalms,19,30,12,"To the end that my heart may sing praise to you, and not be silent. Yahweh my God, I will give thanks to you forever! For the Chief Musician. A Psalm by David."
14339,Psalms,19,31,7,"I will be glad and rejoice in your loving kindness, for you have seen my affliction. You have known my soul in adversities."
14357,Psalms,19,32,1,"Blessed is he whose disobedience is forgiven, whose sin is covered."
14358,Psalms,19,32,2,"Blessed is the man to whom Yahweh doesn't impute iniquity, in whose spirit there is no deceit."
14361,Psalms,19,32,5,"I acknowledged my sin to you. I didn't hide my iniquity. I said, I will confess my transgressions to Yahweh, and you forgave the iniquity of my sin. Selah."
14364,Psalms,19,32,8,I will instruct you and teach you in the way which you shall go. I will counsel you with my eye on you.
14379,Psalms,19,33,12,"Blessed is the nation whose God is Yahweh, the people whom he has chosen for his own inheritance."
14390,Psalms,19,34,1,I will bless Yahweh at all times. His praise will always be in my mouth.
14397,Psalms,19,34,8,Oh taste and see that Yahweh is good. Blessed is the man who takes refuge in him.
14400,Psalms,19,34,11,"Come, you children, listen to me. I will teach you the fear of Yahweh."
14429,Psalms,19,35,18,I will give you thanks in the great assembly. I will praise you among many people.
14464,Psalms,19,37,13,"The Lord will laugh at him, for he sees that his day is coming."
14484,Psalms,19,37,33,"Yahweh will not leave him in his hand, nor condemn him when he is judged."
14509,Psalms,19,38,18,For I will declare my iniquity. I will be sorry for my sin.
14514,Psalms,19,39,1,"I said, ""I will watch my ways, so that I don't sin with my tongue. I will keep my mouth with a bridle while the wicked is before me."""
14530,Psalms,19,40,4,"Blessed is the man who makes Yahweh his trust, and doesn't respect the proud, nor such as turn aside to lies."
14535,Psalms,19,40,9,"I have proclaimed glad news of righteousness in the great assembly. Behold, I will not seal my lips, Yahweh, you know."
14544,Psalms,19,41,1,Blessed is he who considers the poor. Yahweh will deliver him in the day of evil.
14545,Psalms,19,41,2,"Yahweh will preserve him, and keep him alive. He shall be blessed on the earth, and he will not surrender him to the will of his enemies."
14546,Psalms,19,41,3,"Yahweh will sustain him on his sickbed, and restore him from his bed of illness."
14564,Psalms,19,42,8,Yahweh will command his loving kindness in the daytime. In the night his song shall be with me: a prayer to the God of my life.
14565,Psalms,19,42,9,"I will ask God, my rock, ""Why have you forgotten me? Why do I go mourning because of the oppression of the enemy?"""
14571,Psalms,19,43,4,"Then I will go to the altar of God, to God, my exceeding joy. I will praise you on the harp, God, my God."
14578,Psalms,19,44,6,"For I will not trust in my bow, neither shall my sword save me."
14615,Psalms,19,45,17,I will make your name to be remembered in all generations. Therefore the peoples shall give you thanks forever and ever. For the Chief Musician. By the sons of Korah. According to Alamoth.
14620,Psalms,19,46,5,God is in her midst. She shall not be moved. God will help her at dawn.
14625,Psalms,19,46,10,"""Be still, and know that I am God. I will be exalted among the nations. I will be exalted in the earth."""
14643,Psalms,19,48,8,"As we have heard, so we have seen, in the city of Yahweh of Armies, in the city of our God. God will establish it forever. Selah."
14653,Psalms,19,49,4,I will incline my ear to a proverb. I will open my riddle on the harp.
14664,Psalms,19,49,15,"But God will redeem my soul from the power of Sheol, for he will receive me. Selah."
14665,Psalms,19,49,16,"Don't be afraid when a man is made rich, when the glory of his house is increased."
14676,Psalms,19,50,7,"""Hear, my people, and I will speak; Israel, and I will testify against you. I am God, your God."
14684,Psalms,19,50,15,"Call on me in the day of trouble. I will deliver you, and you will honor me."""
14690,Psalms,19,50,21,"You have done these things, and I kept silent. You thought that I was just like you. I will rebuke you, and accuse you in front of your eyes."
14692,Psalms,19,50,23,"Whoever offers the sacrifice of thanksgiving glorifies me, and prepares his way so that I will show God's salvation to him."" For the Chief Musician. A Psalm by David, when Nathan the prophet came to him, after he had gone in to Bathsheba."
14699,Psalms,19,51,7,"Purify me with hyssop, and I will be clean. Wash me, and I will be whiter than snow."
14705,Psalms,19,51,13,Then I will teach transgressors your ways. Sinners shall be converted to you.
14716,Psalms,19,52,5,"God will likewise destroy you forever. He will take you up, and pluck you out of your tent, and root you out of the land of the living. Selah."
14720,Psalms,19,52,9,"I will give you thanks forever, because you have done it. I will hope in your name, for it is good, in the presence of your saints. For the Chief Musician. To the tune of ""Mahalath."" A contemplation by David."
14732,Psalms,19,54,6,"With a free will offering, I will sacrifice to you. I will give thanks to your name, Yahweh, for it is good."
14749,Psalms,19,55,16,"As for me, I will call on God. Yahweh will save me."
14750,Psalms,19,55,17,"Evening, morning, and at noon, I will cry out in distress. He will hear my voice."
14756,Psalms,19,55,23,"But you, God, will bring them down into the pit of destruction. Bloodthirsty and deceitful men shall not live out half their days, but I will trust in you. For the Chief Musician. To the tune of ""Silent Dove in Distant Lands."" A poem by David, when the Philistines seized him in Gath."
14759,Psalms,19,56,3,"When I am afraid, I will put my trust in you."
14760,Psalms,19,56,4,"In God, I praise his word. In God, I put my trust. I will not be afraid. What can flesh do to me?"
14766,Psalms,19,56,10,"In God, I will praise his word. In Yahweh, I will praise his word."
14767,Psalms,19,56,11,I have put my trust in God. I will not be afraid. What can man do to me?
14768,Psalms,19,56,12,"Your vows are on me, God. I will give thank offerings to you."
14770,Psalms,19,57,1,"Be merciful to me, God, be merciful to me, for my soul takes refuge in you. Yes, in the shadow of your wings, I will take refuge, until disaster has passed."
14772,Psalms,19,57,3,"He will send from heaven, and save me, he rebukes the one who is pursuing me. Selah. God will send out his loving kindness and his truth."
14776,Psalms,19,57,7,"My heart is steadfast, God, my heart is steadfast. I will sing, yes, I will sing praises."
14777,Psalms,19,57,8,"Wake up, my glory! Wake up, psaltery and harp! I will wake up the dawn."
14778,Psalms,19,57,9,"I will give thanks to you, Lord, among the peoples. I will sing praises to you among the nations."
14801,Psalms,19,59,10,My God will go before me with his loving kindness. God will let me look at my enemies in triumph.
14807,Psalms,19,59,16,"But I will sing of your strength. Yes, I will sing aloud of your loving kindness in the morning. For you have been my high tower, a refuge in the day of my distress."
14808,Psalms,19,59,17,"To you, my strength, I will sing praises. For God is my high tower, the God of my mercy. For the Chief Musician. To the tune of ""The Lily of the Covenant."" A teaching poem by David, when he fought with Aram Naharaim and with Aram Zobah, and Joab returned, and killed twelve thousand of Edom in the Valley of Salt."
14814,Psalms,19,60,6,"God has spoken from his sanctuary: ""I will triumph. I will divide Shechem, and measure out the valley of Succoth."
14816,Psalms,19,60,8,"Moab is my wash basin. I will throw my shoe on Edom. I shout in triumph over Philistia."""
14822,Psalms,19,61,2,"From the end of the earth, I will call to you, when my heart is overwhelmed. Lead me to the rock that is higher than I."
14824,Psalms,19,61,4,I will dwell in your tent forever. I will take refuge in the shelter of your wings. Selah.
14828,Psalms,19,61,8,"So I will sing praise to your name forever, that I may fulfill my vows daily. For the Chief Musician. To Jeduthan. A Psalm by David."
14830,Psalms,19,62,2,"He alone is my rock and my salvation, my fortress-- I will never be greatly shaken."
14834,Psalms,19,62,6,"He alone is my rock and my salvation, my fortress. I will not be shaken."
14841,Psalms,19,63,1,"God, you are my God. I will earnestly seek you. My soul thirsts for you. My flesh longs for you, in a dry and weary land, where there is no water."
14844,Psalms,19,63,4,So I will bless you while I live. I will lift up my hands in your name.
14847,Psalms,19,63,7,For you have been my help. I will rejoice in the shadow of your wings.
14858,Psalms,19,64,7,But God will shoot at them. They will be suddenly struck down with an arrow.
14865,Psalms,19,65,4,"Blessed is one whom you choose, and cause to come near, that he may live in your courts. We will be filled with the goodness of your house, your holy temple."
14887,Psalms,19,66,13,"I will come into your temple with burnt offerings. I will pay my vows to you,"
14889,Psalms,19,66,15,"I will offer to you burnt offerings of fat animals, with the offering of rams, I will offer bulls with goats. Selah."
14890,Psalms,19,66,16,"Come, and hear, all you who fear God. I will declare what he has done for my soul."
14900,Psalms,19,67,6,"The earth has yielded its increase. God, even our own God, will bless us."
14901,Psalms,19,67,7,God will bless us. All the ends of the earth shall fear him. For the Chief Musician. A Psalm by David. A song.
14917,Psalms,19,68,16,"Why do you look in envy, you rugged mountains, at the mountain where God chooses to reign? Yes, Yahweh will dwell there forever."
14922,Psalms,19,68,21,"But God will strike through the head of his enemies, the hairy scalp of such a one as still continues in his guiltiness."
14923,Psalms,19,68,22,"The Lord said, ""I will bring you again from Bashan, I will bring you again from the depths of the sea;"
14966,Psalms,19,69,30,"I will praise the name of God with a song, and will magnify him with thanksgiving."
14971,Psalms,19,69,35,"For God will save Zion, and build the cities of Judah. They shall settle there, and own it."
14983,Psalms,19,71,6,I have relied on you from the womb. You are he who took me out of my mother's womb. I will always praise you.
14991,Psalms,19,71,14,"But I will always hope, and will add to all of your praise."
14993,Psalms,19,71,16,"I will come with the mighty acts of the Lord Yahweh. I will make mention of your righteousness, even of yours alone."
14999,Psalms,19,71,22,"I will also praise you with the harp for your faithfulness, my God. I sing praises to you with the lyre, Holy One of Israel."
15036,Psalms,19,73,15,"If I had said, ""I will speak thus;"" behold, I would have betrayed the generation of your children."
15074,Psalms,19,75,2,"When I choose the appointed time, I will judge blamelessly."
15081,Psalms,19,75,9,But I will declare this forever: I will sing praises to the God of Jacob.
15082,Psalms,19,75,10,"I will cut off all the horns of the wicked, but the horns of the righteous shall be lifted up. For the Chief Musician. On stringed instruments. A Psalm by Asaph. A song."
15104,Psalms,19,77,10,"Then I thought, ""I will appeal to this: the years of the right hand of the Most High."""
15105,Psalms,19,77,11,I will remember Yah's deeds; for I will remember your wonders of old.
15106,Psalms,19,77,12,"I will also meditate on all your work, and consider your doings."
15116,Psalms,19,78,2,"I will open my mouth in a parable. I will utter dark sayings of old,"
15226,Psalms,19,81,8,"""Hear, my people, and I will testify to you, Israel, if you would listen to me!"
15228,Psalms,19,81,10,"I am Yahweh, your God, who brought you up out of the land of Egypt. Open your mouth wide, and I will fill it."
15234,Psalms,19,81,16,"But he would have also fed them with the finest of the wheat. I will satisfy you with honey out of the rock."" A Psalm by Asaph."
15271,Psalms,19,84,11,For Yahweh God is a sun and a shield. Yahweh will give grace and glory. He withholds no good thing from those who walk blamelessly.
15272,Psalms,19,84,12,"Yahweh of Armies, blessed is the man who trusts in you. For the Chief Musician. A Psalm by the sons of Korah."
15280,Psalms,19,85,8,"I will hear what God, Yahweh, will speak, for he will speak peace to his people, his saints; but let them not turn again to folly."
15284,Psalms,19,85,12,"Yes, Yahweh will give that which is good. Our land will yield its increase."
15292,Psalms,19,86,7,"In the day of my trouble I will call on you, for you will answer me."
15296,Psalms,19,86,11,"Teach me your way, Yahweh. I will walk in your truth. Make my heart undivided to fear your name."
15297,Psalms,19,86,12,"I will praise you, Lord my God, with my whole heart. I will glorify your name forevermore."
15306,Psalms,19,87,4,"I will record Rahab and Babylon among those who acknowledge me. Behold, Philistia, Tyre, and also Ethiopia: ""This one was born there."""
15328,Psalms,19,89,1,"I will sing of the loving kindness of Yahweh forever. With my mouth, I will make known your faithfulness to all generations."
15331,Psalms,19,89,4,"'I will establish your seed forever, and build up your throne to all generations.'"" Selah."
15350,Psalms,19,89,23,"I will beat down his adversaries before him, and strike those who hate him."
15352,Psalms,19,89,25,"I will set his hand also on the sea, and his right hand on the rivers."
15354,Psalms,19,89,27,"I will also appoint him my firstborn, the highest of the kings of the earth."
15355,Psalms,19,89,28,I will keep my loving kindness for him forevermore. My covenant will stand firm with him.
15356,Psalms,19,89,29,"I will also make his seed endure forever, and his throne as the days of heaven."
15359,Psalms,19,89,32,"then I will punish their sin with the rod, and their iniquity with stripes."
15360,Psalms,19,89,33,"But I will not completely take my loving kindness from him, nor allow my faithfulness to fail."
15361,Psalms,19,89,34,"I will not break my covenant, nor alter what my lips have uttered."
15362,Psalms,19,89,35,"Once have I sworn by my holiness, I will not lie to David."
15398,Psalms,19,91,2,"I will say of Yahweh, ""He is my refuge and my fortress; my God, in whom I trust."""
15410,Psalms,19,91,14,"""Because he has set his love on me, therefore I will deliver him. I will set him on high, because he has known my name."
15411,Psalms,19,91,15,"He will call on me, and I will answer him. I will be with him in trouble. I will deliver him, and honor him."
15412,Psalms,19,91,16,"I will satisfy him with long life, and show him my salvation."" A Psalm. A song for the Sabbath day."
15416,Psalms,19,92,4,"For you, Yahweh, have made me glad through your work. I will triumph in the works of your hands."
15444,Psalms,19,94,12,"Blessed is the man whom you discipline, Yah, and teach out of your law;"
15515,Psalms,19,101,1,"I will sing of loving kindness and justice. To you, Yahweh, I will sing praises."
15516,Psalms,19,101,2,I will be careful to live a blameless life. When will you come to me? I will walk within my house with a blameless heart.
15517,Psalms,19,101,3,I will set no vile thing before my eyes. I hate the deeds of faithless men. They will not cling to me.
15518,Psalms,19,101,4,A perverse heart will be far from me. I will have nothing to do with evil.
15519,Psalms,19,101,5,I will silence whoever secretly slanders his neighbor. I won't tolerate one who is haughty and conceited.
15522,Psalms,19,101,8,"Morning by morning, I will destroy all the wicked of the land; to cut off all the workers of iniquity from Yahweh's city. A Prayer of the afflicted, when he is overwhelmed and pours out his complaint before Yahweh."
15605,Psalms,19,104,33,I will sing to Yahweh as long as I live. I will sing praise to my God while I have any being.
15606,Psalms,19,104,34,Let your meditation be sweet to him. I will rejoice in Yahweh.
15618,Psalms,19,105,11,"saying, ""To you I will give the land of Canaan, the lot of your inheritance;"""
15655,Psalms,19,106,3,Blessed are those who keep justice. Blessed is one who does what is right at all times.
15744,Psalms,19,108,1,"My heart is steadfast, God. I will sing and I will make music with my soul."
15745,Psalms,19,108,2,"Wake up, harp and lyre! I will wake up the dawn."
15746,Psalms,19,108,3,"I will give thanks to you, Yahweh, among the nations. I will sing praises to you among the peoples."
15750,Psalms,19,108,7,"God has spoken from his sanctuary: ""In triumph, I will divide Shechem, and measure out the valley of Succoth."
15752,Psalms,19,108,9,"Moab is my wash pot. I will toss my sandal on Edom. I will shout over Philistia."""
15786,Psalms,19,109,30,"I will give great thanks to Yahweh with my mouth. Yes, I will praise him among the multitude."
15789,Psalms,19,110,2,Yahweh will send forth the rod of your strength out of Zion. Rule in the midst of your enemies.
15795,Psalms,19,111,1,"Praise Yah! I will give thanks to Yahweh with my whole heart, in the council of the upright, and in the congregation."
15805,Psalms,19,112,1,"Praise Yah! Blessed is the man who fears Yahweh, who delights greatly in his commandments."
15843,Psalms,19,115,12,Yahweh remembers us. He will bless us. He will bless the house of Israel. He will bless the house of Aaron.
15844,Psalms,19,115,13,"He will bless those who fear Yahweh, both small and great."
15849,Psalms,19,115,18,"But we will bless Yah, from this time forth and forevermore. Praise Yah!"
15851,Psalms,19,116,2,"Because he has turned his ear to me, therefore I will call on him as long as I live."
15858,Psalms,19,116,9,I will walk before Yahweh in the land of the living.
15862,Psalms,19,116,13,"I will take the cup of salvation, and call on the name of Yahweh."
15863,Psalms,19,116,14,"I will pay my vows to Yahweh, yes, in the presence of all his people."
15866,Psalms,19,116,17,"I will offer to you the sacrifice of thanksgiving, and will call on the name of Yahweh."
15867,Psalms,19,116,18,"I will pay my vows to Yahweh, yes, in the presence of all his people,"
15876,Psalms,19,118,6,Yahweh is on my side. I will not be afraid. What can man do to me?
15877,Psalms,19,118,7,Yahweh is on my side among those who help me. Therefore I will look in triumph at those who hate me.
15887,Psalms,19,118,17,"I will not die, but live, and declare Yah's works."
15889,Psalms,19,118,19,Open to me the gates of righteousness. I will enter into them. I will give thanks to Yah.
15891,Psalms,19,118,21,"I will give thanks to you, for you have answered me, and have become my salvation."
15896,Psalms,19,118,26,Blessed is he who comes in the name of Yahweh! We have blessed you out of the house of Yahweh.
15898,Psalms,19,118,28,"You are my God, and I will give thanks to you. You are my God, I will exalt you."
15906,Psalms,19,119,7,"I will give thanks to you with uprightness of heart, when I learn your righteous judgments."
15907,Psalms,19,119,8,I will observe your statutes. Don't utterly forsake me. BET
15914,Psalms,19,119,15,"I will meditate on your precepts, and consider your ways."
15915,Psalms,19,119,16,I will delight myself in your statutes. I will not forget your word. GIMEL
15916,Psalms,19,119,17,Do good to your servant. I will live and I will obey your word.
15926,Psalms,19,119,27,Let me understand the teaching of your precepts! Then I will meditate on your wondrous works.
15932,Psalms,19,119,33,"Teach me, Yahweh, the way of your statutes. I will keep them to the end."
15933,Psalms,19,119,34,"Give me understanding, and I will keep your law. Yes, I will obey it with my whole heart."
15941,Psalms,19,119,42,"So I will have an answer for him who reproaches me, for I trust in your word."
15943,Psalms,19,119,44,"So I will obey your law continually, forever and ever."
15944,Psalms,19,119,45,"I will walk in liberty, for I have sought your precepts."
15945,Psalms,19,119,46,"I will also speak of your statutes before kings, and will not be disappointed."
15946,Psalms,19,119,47,"I will delight myself in your commandments, because I love them."
15947,Psalms,19,119,48,"I reach out my hands for your commandments, which I love. I will meditate on your statutes. ZAYIN"
15961,Psalms,19,119,62,"At midnight I will rise to give thanks to you, because of your righteous ordinances."
15968,Psalms,19,119,69,"The proud have smeared a lie upon me. With my whole heart, I will keep your precepts."
15977,Psalms,19,119,78,"Let the proud be disappointed, for they have overthrown me wrongfully. I will meditate on your precepts."
15987,Psalms,19,119,88,"Preserve my life according to your loving kindness, so I will obey the statutes of your mouth. LAMED"
15992,Psalms,19,119,93,"I will never forget your precepts, for with them, you have revived me."
15994,Psalms,19,119,95,"The wicked have waited for me, to destroy me. I will consider your statutes."
16005,Psalms,19,119,106,"I have sworn, and have confirmed it, that I will obey your righteous ordinances."
16016,Psalms,19,119,117,"Hold me up, and I will be safe, and will have respect for your statutes continually."
16033,Psalms,19,119,134,"Redeem me from the oppression of man, so I will observe your precepts."
16044,Psalms,19,119,145,"I have called with my whole heart. Answer me, Yahweh! I will keep your statutes."
16045,Psalms,19,119,146,I have called to you. Save me! I will obey your statutes.
16083,Psalms,19,121,1,I will lift up my eyes to the hills. Where does my help come from?
16089,Psalms,19,121,7,Yahweh will keep you from all evil. He will keep your soul.
16090,Psalms,19,121,8,"Yahweh will keep your going out and your coming in, from this time forth, and forevermore. A Song of Ascents. By David."
16098,Psalms,19,122,8,"For my brothers' and companions' sakes, I will now say, ""Peace be within you."""
16099,Psalms,19,122,9,"For the sake of the house of Yahweh our God, I will seek your good. A Song of Ascents."
16116,Psalms,19,125,5,"But as for those who turn aside to their crooked ways, Yahweh will lead them away with the workers of iniquity. Peace be on Israel. A Song of Ascents."
16128,Psalms,19,128,1,"Blessed is everyone who fears Yahweh, who walks in his ways."
16155,Psalms,19,132,3,"""Surely I will not come into the structure of my house, nor go up into my bed;"
16156,Psalms,19,132,4,"I will not give sleep to my eyes, or slumber to my eyelids;"
16163,Psalms,19,132,11,"Yahweh has sworn to David in truth. He will not turn from it: ""I will set the fruit of your body on your throne."
16164,Psalms,19,132,12,"If your children will keep my covenant, my testimony that I will teach them, their children also will sit on your throne forevermore."""
16167,Psalms,19,132,15,I will abundantly bless her provision. I will satisfy her poor with bread.
16168,Psalms,19,132,16,Her priests I will also clothe with salvation. Her saints will shout aloud for joy.
16169,Psalms,19,132,17,There I will make the horn of David to bud. I have ordained a lamp for my anointed.
16170,Psalms,19,132,18,"I will clothe his enemies with shame, but on himself, his crown will be resplendent."" A Song of Ascents. By David."
16190,Psalms,19,135,14,"For Yahweh will judge his people, and have compassion on his servants."
16233,Psalms,19,138,1,"I will give you thanks with my whole heart. Before the gods, I will sing praises to you."
16234,Psalms,19,138,2,"I will bow down toward your holy temple, and give thanks to your Name for your loving kindness and for your truth; for you have exalted your Name and your Word above all."
16240,Psalms,19,138,8,"Yahweh will fulfill that which concerns me; your loving kindness, Yahweh, endures forever. Don't forsake the works of your own hands. For the Chief Musician. A Psalm by David."
16254,Psalms,19,139,14,"I will give thanks to you, for I am fearfully and wonderfully made. Your works are wonderful. My soul knows that very well."
16276,Psalms,19,140,12,"I know that Yahweh will maintain the cause of the afflicted, and justice for the needy."
16315,Psalms,19,144,9,"I will sing a new song to you, God. On a ten-stringed lyre, I will sing praises to you."
16322,Psalms,19,145,1,"I will exalt you, my God, the King. I will praise your name forever and ever."
16323,Psalms,19,145,2,Every day I will praise you. I will extol your name forever and ever.
16327,Psalms,19,145,6,Men will speak of the might of your awesome acts. I will declare your greatness.
16344,Psalms,19,146,2,"While I live, I will praise Yahweh. I will sing praises to my God as long as I exist."
16352,Psalms,19,146,10,"Yahweh will reign forever; your God, O Zion, to all generations. Praise Yah!"
16424,Proverbs,20,1,23,"Turn at my reproof. Behold, I will pour out my spirit on you. I will make known my words to you."
16427,Proverbs,20,1,26,I also will laugh at your disaster. I will mock when calamity overtakes you;
16429,Proverbs,20,1,28,"Then will they call on me, but I will not answer. They will seek me diligently, but they will not find me;"
16481,Proverbs,20,3,25,"Don't be afraid of sudden fear, neither of the desolation of the wicked, when it comes:"
16482,Proverbs,20,3,26,"for Yahweh will be your confidence, and will keep your foot from being taken."
16484,Proverbs,20,3,28,"Don't say to your neighbor, ""Go, and come again; tomorrow I will give it to you,"" when you have it by you."
16609,Proverbs,20,8,6,"Hear, for I will speak excellent things. The opening of my lips is for right things."
16637,Proverbs,20,8,34,"Blessed is the man who hears me, watching daily at my gates, waiting at my door posts."
16660,Proverbs,20,10,3,"Yahweh will not allow the soul of the righteous to go hungry, but he thrusts away the desire of the wicked."
16794,Proverbs,20,14,21,"He who despises his neighbor sins, but blessed is he who has pity on the poor."
16833,Proverbs,20,15,25,"Yahweh will uproot the house of the proud, but he will keep the widow's borders intact."
16977,Proverbs,20,20,22,"Don't say, ""I will pay back evil."" Wait for Yahweh, and he will save you."
17029,Proverbs,20,22,13,"The sluggard says, ""There is a lion outside! I will be killed in the streets!"""
17039,Proverbs,20,22,23,"for Yahweh will plead their case, and plunder the life of those who plunder them."
17109,Proverbs,20,24,29,"Don't say, ""I will do to him as he has done to me; I will render to the man according to his work."""
17136,Proverbs,20,25,22,"for you will heap coals of fire on his head, and Yahweh will reward you."
17211,Proverbs,20,28,14,Blessed is the man who always fears; but one who hardens his heart falls into trouble.
17335,Ecclesiastes,21,2,1,"I said in my heart, ""Come now, I will test you with mirth: therefore enjoy pleasure;"" and behold, this also was vanity."
17377,Ecclesiastes,21,3,17,"I said in my heart, ""God will judge the righteous and the wicked; for there is a time there for every purpose and for every work."""
17448,Ecclesiastes,21,7,18,"It is good that you should take hold of this. Yes, also from that don't withdraw your hand; for he who fears God will come forth from them all."
17453,Ecclesiastes,21,7,23,"All this have I proved in wisdom. I said, ""I will be wise;"" but it was far from me."
17523,Ecclesiastes,21,11,9,"Rejoice, young man, in your youth, and let your heart cheer you in the days of your youth, and walk in the ways of your heart, and in the sight of your eyes; but know that for all these things God will bring you into judgment."
17538,Ecclesiastes,21,12,14,"For God will bring every work into judgment, with every hidden thing, whether it is good, or whether it is evil."
17574,Song of Solomon,22,3,2,"I will get up now, and go about the city; in the streets and in the squares I will seek him whom my soul loves. I sought him, but I didn't find him."
17589,Song of Solomon,22,4,6,"Until the day is cool, and the shadows flee away, I will go to the mountain of myrrh, to the hill of frankincense."
17636,Song of Solomon,22,7,8,"I said, ""I will climb up into the palm tree. I will take hold of its fruit."" Let your breasts be like clusters of the vine, the smell of your breath like apples, Beloved"
17640,Song of Solomon,22,7,12,"Let's go early up to the vineyards. Let's see whether the vine has budded, its blossom is open, and the pomegranates are in flower. There I will give you my love."
17670,Isaiah,23,1,15,"When you spread forth your hands, I will hide my eyes from you. Yes, when you make many prayers, I will not hear. Your hands are full of blood."
17679,Isaiah,23,1,24,"Therefore the Lord, Yahweh of Armies, the Mighty One of Israel, says: ""Ah, I will get relief from my adversaries, and avenge myself of my enemies;"
17680,Isaiah,23,1,25,"and I will turn my hand on you, thoroughly purge away your dross, and will take away all your tin."
17681,Isaiah,23,1,26,"I will restore your judges as at the first, and your counselors as at the beginning. Afterward you shall be called 'The city of righteousness, a faithful town.'"
17712,Isaiah,23,3,4,"I will give boys to be their princes, and children shall rule over them."
17715,Isaiah,23,3,7,"In that day he will cry out, saying, ""I will not be a healer; for in my house is neither bread nor clothing. You shall not make me ruler of the people."""
17722,Isaiah,23,3,14,"Yahweh will enter into judgment with the elders of his people, and their leaders: ""It is you who have eaten up the vineyard. The spoil of the poor is in your houses."
17723,Isaiah,23,3,15,"What do you mean that you crush my people, and grind the face of the poor?"" says the Lord, Yahweh of Armies."
17725,Isaiah,23,3,17,"therefore the Lord brings sores on the crown of the head of the women of Zion, and Yahweh will make their scalps bald."""
17726,Isaiah,23,3,18,"In that day the Lord will take away the beauty of their anklets, the headbands, the crescent necklaces,"
17739,Isaiah,23,4,5,"Yahweh will create over the whole habitation of Mount Zion, and over her assemblies, a cloud and smoke by day, and the shining of a flaming fire by night; for over all the glory will be a canopy."
17745,Isaiah,23,5,5,"Now I will tell you what I will do to my vineyard. I will take away its hedge, and it will be eaten up. I will break down its wall of it, and it will be trampled down."
17746,Isaiah,23,5,6,"I will lay it a wasteland. It won't be pruned nor hoed, but it will grow briers and thorns. I will also command the clouds that they rain no rain on it."""
17787,Isaiah,23,7,4,"Tell him, 'Be careful, and keep calm. Don't be afraid, neither let your heart be faint because of these two tails of smoking torches, for the fierce anger of Rezin and Syria, and of the son of Remaliah."
17795,Isaiah,23,7,12,"But Ahaz said, ""I will not ask, neither will I tempt Yahweh."""
17800,Isaiah,23,7,17,"Yahweh will bring on you, on your people, and on your father's house, days that have not come, from the day that Ephraim departed from Judah; even the king of Assyria."
17801,Isaiah,23,7,18,"It will happen in that day that Yahweh will whistle for the fly that is in the uttermost part of the rivers of Egypt, and for the bee that is in the land of Assyria."
17803,Isaiah,23,7,20,"In that day the Lord will shave with a razor that is hired in the parts beyond the River, even with the king of Assyria, the head and the hair of the feet; and it shall also consume the beard."
17810,Isaiah,23,8,2,"and I will take for myself faithful witnesses to testify: Uriah the priest, and Zechariah the son of Jeberechiah."""
17825,Isaiah,23,8,17,"I will wait for Yahweh, who hides his face from the house of Jacob, and I will look for him."
17841,Isaiah,23,9,11,"Therefore Yahweh will set up on high against him the adversaries of Rezin, and will stir up his enemies,"
17844,Isaiah,23,9,14,"Therefore Yahweh will cut off from Israel head and tail, palm branch and reed, in one day."
17847,Isaiah,23,9,17,"Therefore the Lord will not rejoice over their young men, neither will he have compassion on their fatherless and widows; for everyone is profane and an evildoer, and every mouth speaks folly. For all this his anger is not turned away, but his hand is stretched out still."
17857,Isaiah,23,10,6,"I will send him against a profane nation, and against the people who anger me will I give him a command to take the spoil and to take the prey, and to tread them down like the mire of the streets."
17863,Isaiah,23,10,12,"Therefore it will happen that, when the Lord has performed his whole work on Mount Zion and on Jerusalem, I will punish the fruit of the willful proud heart of the king of Assyria, and the insolence of his haughty looks."
17875,Isaiah,23,10,24,"Therefore the Lord, Yahweh of Armies, says ""My people who dwell in Zion, don't be afraid of the Assyrian, though he strike you with the rod, and lift up his staff against you, as Egypt did."
17887,Isaiah,23,11,2,"The Spirit of Yahweh will rest on him: the spirit of wisdom and understanding, the spirit of counsel and might, the spirit of knowledge and of the fear of Yahweh."
17896,Isaiah,23,11,11,"It will happen in that day that the Lord will set his hand again the second time to recover the remnant that is left of his people from Assyria, from Egypt, from Pathros, from Cush, from Elam, from Shinar, from Hamath, and from the islands of the sea."
17900,Isaiah,23,11,15,"Yahweh will utterly destroy the tongue of the Egyptian sea; and with his scorching wind he will wave his hand over the River, and will split it into seven streams, and cause men to march over in sandals."
17902,Isaiah,23,12,1,"In that day you will say, ""I will give thanks to you, Yahweh; for though you were angry with me, your anger has turned away and you comfort me."
17918,Isaiah,23,13,11,"I will punish the world for their evil, and the wicked for their iniquity. I will cause the arrogance of the proud to cease, and will humble the haughtiness of the terrible."
17919,Isaiah,23,13,12,"I will make people more rare than fine gold, even a person than the pure gold of Ophir."
17920,Isaiah,23,13,13,"Therefore I will make the heavens tremble, and the earth will be shaken out of its place in the wrath of Yahweh of Armies, and in the day of his fierce anger."
17924,Isaiah,23,13,17,"Behold, I will stir up the Medes against them, who will not value silver, and as for gold, they will not delight in it."
17930,Isaiah,23,14,1,"For Yahweh will have compassion on Jacob, and will yet choose Israel, and set them in their own land. The foreigner will join himself with them, and they will unite with the house of Jacob."
17932,Isaiah,23,14,3,"It will happen in the day that Yahweh will give you rest from your sorrow, from your trouble, and from the hard service in which you were made to serve,"
17942,Isaiah,23,14,13,"You said in your heart, ""I will ascend into heaven! I will exalt my throne above the stars of God! I will sit on the mountain of assembly, in the far north!"
17943,Isaiah,23,14,14,"I will ascend above the heights of the clouds! I will make myself like the Most High!"""
17951,Isaiah,23,14,22,"""I will rise up against them,"" says Yahweh of Armies, ""and cut off from Babylon name and remnant, and son and son's son,"" says Yahweh."
17952,Isaiah,23,14,23,"""I will also make it a possession for the porcupine, and pools of water. I will sweep it with the broom of destruction,"" says Yahweh of Armies."
17954,Isaiah,23,14,25,"that I will break the Assyrian in my land, and tread him under foot on my mountains. Then his yoke will leave them, and his burden leave their shoulders."
17959,Isaiah,23,14,30,"The firstborn of the poor will eat, and the needy will lie down in safety; and I will kill your root with famine, and your remnant will be killed."
17970,Isaiah,23,15,9,"For the waters of Dimon are full of blood; for I will bring yet more on Dimon, a lion on those of Moab who escape, and on the remnant of the land."
17979,Isaiah,23,16,9,"Therefore I will weep with the weeping of Jazer for the vine of Sibmah. I will water you with my tears, Heshbon, and Elealeh: for on your summer fruits and on your harvest the battle shout has fallen."
18002,Isaiah,23,18,4,"For Yahweh said to me, ""I will be still, and I will see in my dwelling place, like clear heat in sunshine, like a cloud of dew in the heat of harvest."""
18007,Isaiah,23,19,2,"I will stir up the Egyptians against the Egyptians, and they will fight everyone against his brother, and everyone against his neighbor; city against city, and kingdom against kingdom."
18008,Isaiah,23,19,3,"The spirit of Egypt will fail in its midst. I will destroy its counsel. They will seek the idols, the charmers, those who have familiar spirits, and the wizards."
18009,Isaiah,23,19,4,"I will give over the Egyptians into the hand of a cruel lord. A fierce king will rule over them,"" says the Lord, Yahweh of Armies."
18026,Isaiah,23,19,21,"Yahweh will be known to Egypt, and the Egyptians will know Yahweh in that day. Yes, they will worship with sacrifice and offering, and will vow a vow to Yahweh, and will perform it."
18027,Isaiah,23,19,22,"Yahweh will strike Egypt, striking and healing. They will return to Yahweh, and he will be entreated by them, and will heal them."
18057,Isaiah,23,22,4,"Therefore I said, ""Look away from me. I will weep bitterly. Don't labor to comfort me for the destruction of the daughter of my people."
18067,Isaiah,23,22,14,"Yahweh of Armies revealed himself in my ears, ""Surely this iniquity will not be forgiven you until you die,"" says the Lord, Yahweh of Armies."
18068,Isaiah,23,22,15,"Thus says the Lord, Yahweh of Armies, ""Go, get yourself to this treasurer, even to Shebna, who is over the house, and say,"
18070,Isaiah,23,22,17,"Behold, Yahweh will overcome you and hurl you away violently. Yes, he will grasp you firmly."
18072,Isaiah,23,22,19,I will thrust you from your office. You will be pulled down from your station.
18073,Isaiah,23,22,20,"It will happen in that day that I will call my servant Eliakim the son of Hilkiah,"
18074,Isaiah,23,22,21,"and I will clothe him with your robe, and strengthen him with your belt. I will commit your government into his hand; and he will be a father to the inhabitants of Jerusalem, and to the house of Judah."
18075,Isaiah,23,22,22,"I will lay the key of the house of David on his shoulder. He will open, and no one will shut. He will shut, and no one will open."
18076,Isaiah,23,22,23,I will fasten him like a nail in a sure place. He will be for a throne of glory to his father's house.
18095,Isaiah,23,23,17,"It will happen after the end of seventy years that Yahweh will visit Tyre, and she shall return to her wages, and will play the prostitute with all the kingdoms of the world on the surface of the earth."
18117,Isaiah,23,24,21,"It shall happen in that day that Yahweh will punish the army of the high ones on high, and the kings of the earth on the earth."
18120,Isaiah,23,25,1,"Yahweh, you are my God. I will exalt you! I will praise your name, for you have done wonderful things, things planned long ago, in complete faithfulness and truth."
18127,Isaiah,23,25,8,"He has swallowed up death forever! The Lord Yahweh will wipe away tears from off all faces. He will take the reproach of his people away from off all the earth, for Yahweh has spoken it."
18155,Isaiah,23,27,3,"I, Yahweh, am its keeper. I will water it every moment. Lest anyone damage it, I will keep it night and day."
18164,Isaiah,23,27,12,"It will happen in that day, that Yahweh will thresh from the flowing stream of the Euphrates to the brook of Egypt; and you will be gathered one by one, children of Israel."
18178,Isaiah,23,28,13,"Therefore the word of Yahweh will be to them precept on precept, precept on precept; line on line, line on line; here a little, there a little; that they may go, fall backward, be broken, be snared, and be taken."
18181,Isaiah,23,28,16,"Therefore thus says the Lord Yahweh, ""Behold, I lay in Zion for a foundation a stone, a tried stone, a precious cornerstone of a sure foundation. He who believes shall not act hastily."
18182,Isaiah,23,28,17,"I will make justice the measuring line, and righteousness the plumb line. The hail will sweep away the refuge of lies, and the waters will overflow the hiding place."
18186,Isaiah,23,28,21,"For Yahweh will rise up as on Mount Perazim. He will be angry as in the valley of Gibeon; that he may do his work, his unusual work, and bring to pass his act, his extraordinary act."
18196,Isaiah,23,29,2,"then I will distress Ariel, and there will be mourning and lamentation. She shall be to me as an altar hearth."
18197,Isaiah,23,29,3,"I will encamp against you all around you, and will lay siege against you with posted troops. I will raise siege works against you."
18208,Isaiah,23,29,14,"therefore, behold, I will proceed to do a marvelous work among this people, even a marvelous work and a wonder; and the wisdom of their wise men will perish, and the understanding of their prudent men will be hidden."""
18248,Isaiah,23,30,30,"Yahweh will cause his glorious voice to be heard, and will show the descent of his arm, with the indignation of his anger, and the flame of a devouring fire, with a blast, storm, and hailstones."
18250,Isaiah,23,30,32,"Every stroke of the rod of punishment, which Yahweh will lay on him, will be with the sound of tambourines and harps. He will fight with them in battles, brandishing weapons."
18290,Isaiah,23,33,10,"""Now I will arise,"" says Yahweh; ""Now I will lift myself up. Now I will be exalted."
18301,Isaiah,23,33,21,"But there Yahweh will be with us in majesty, a place of broad rivers and streams, in which no galley with oars will go, neither will any gallant ship pass by there."
18325,Isaiah,23,35,4,"Tell those who have a fearful heart, ""Be strong. Don't be afraid. Behold, your God will come with vengeance, God's retribution. He will come and save you."
18339,Isaiah,23,36,8,"Now therefore, please make a pledge to my master the king of Assyria, and I will give you two thousand horses, if you are able on your part to set riders on them."
18346,Isaiah,23,36,15,"Don't let Hezekiah make you trust in Yahweh, saying, ""Yahweh will surely deliver us. This city won't be given into the hand of the king of Assyria.""'"
18349,Isaiah,23,36,18,"Beware lest Hezekiah persuade you, saying, ""Yahweh will deliver us."" Have any of the gods of the nations delivered their lands from the hand of the king of Assyria?"
18357,Isaiah,23,37,4,"It may be Yahweh your God will hear the words of Rabshakeh, whom the king of Assyria his master has sent to defy the living God, and will rebuke the words which Yahweh your God has heard. Therefore lift up your prayer for the remnant that is left.'"""
18359,Isaiah,23,37,6,"Isaiah said to them, ""Tell your master, 'Thus says Yahweh, ""Don't be afraid of the words that you have heard, with which the servants of the king of Assyria have blasphemed me."
18360,Isaiah,23,37,7,"Behold, I will put a spirit in him and he will hear news, and will return to his own land. I will cause him to fall by the sword in his own land.""'"""
18377,Isaiah,23,37,24,"By your servants, have you defied the Lord, and have said, ""With the multitude of my chariots I have come up to the height of the mountains, to the innermost parts of Lebanon. I will cut down its tall cedars and its choice fir trees. I will enter into its farthest height, the forest of its fruitful field."
18378,Isaiah,23,37,25,"I have dug and drunk water, and with the sole of my feet I will dry up all the rivers of Egypt."""
18382,Isaiah,23,37,29,"Because of your raging against me, and because your arrogance has come up into my ears, therefore will I put my hook in your nose and my bridle in your lips, and I will turn you back by the way by which you came."
18388,Isaiah,23,37,35,"'For I will defend this city to save it, for my own sake, and for my servant David's sake.'"""
18396,Isaiah,23,38,5,"""Go, and tell Hezekiah, 'Thus says Yahweh, the God of David your father, ""I have heard your prayer. I have seen your tears. Behold, I will add fifteen years to your life."
18397,Isaiah,23,38,6,"I will deliver you and this city out of the hand of the king of Assyria, and I will defend this city."
18398,Isaiah,23,38,7,"This shall be the sign to you from Yahweh, that Yahweh will do this thing that he has spoken."
18399,Isaiah,23,38,8,"Behold, I will cause the shadow on the sundial, which has gone down on the sundial of Ahaz with the sun, to return backward ten steps. So the sun returned ten steps on the sundial on which it had gone down.""'"""
18402,Isaiah,23,38,11,"I said, ""I won't see Yah, Yah in the land of the living. I will see man no more with the inhabitants of the world."
18406,Isaiah,23,38,15,"What will I say? He has both spoken to me, and himself has done it. I will walk carefully all my years because of the anguish of my soul."
18411,Isaiah,23,38,20,Yahweh will save me. Therefore we will sing my songs with stringed instruments all the days of our life in the house of Yahweh.
18413,Isaiah,23,38,22,"Hezekiah also had said, ""What is the sign that I will go up to the house of Yahweh?"""
18430,Isaiah,23,40,9,"You who tell good news to Zion, go up on a high mountain. You who tell good news to Jerusalem, lift up your voice with strength. Lift it up. Don't be afraid. Say to the cities of Judah, ""Behold, your God!"""
18431,Isaiah,23,40,10,"Behold, the Lord Yahweh will come as a mighty one, and his arm will rule for him. Behold, his reward is with him, and his recompense before him."
18452,Isaiah,23,40,31,"But those who wait for Yahweh will renew their strength. They will mount up with wings like eagles. They will run, and not be weary. They will walk, and not faint."
18462,Isaiah,23,41,10,"Don't you be afraid, for I am with you. Don't be dismayed, for I am your God. I will strengthen you. Yes, I will help you. Yes, I will uphold you with the right hand of my righteousness."
18465,Isaiah,23,41,13,"For I, Yahweh your God, will hold your right hand, saying to you, 'Don't be afraid. I will help you.'"
18466,Isaiah,23,41,14,"Don't be afraid, you worm Jacob, and you men of Israel. I will help you,"" says Yahweh, ""and your Redeemer is the Holy One of Israel."
18470,Isaiah,23,41,18,"I will open rivers on the bare heights, and springs in the midst of the valleys. I will make the wilderness a pool of water, and the dry land springs of water."
18471,Isaiah,23,41,19,"I will put cedar, acacia, myrtle, and oil trees in the wilderness. I will set fir trees, pine, and box trees together in the desert;"
18479,Isaiah,23,41,27,"I am the first to say to Zion, 'Behold, look at them;' and I will give one who brings good news to Jerusalem."
18489,Isaiah,23,42,8,"""I am Yahweh. That is my name. I will not give my glory to another, nor my praise to engraved images."
18494,Isaiah,23,42,13,"Yahweh will go out like a mighty man. He will stir up zeal like a man of war. He will raise a war cry. Yes, he will shout aloud. He will triumph over his enemies."
18495,Isaiah,23,42,14,"""I have been silent a long time. I have been quiet and restrained myself. Now I will cry out like a travailing woman. I will both gasp and pant."
18496,Isaiah,23,42,15,"I will destroy mountains and hills, and dry up all their herbs. I will make the rivers islands, and will dry up the pools."
18497,Isaiah,23,42,16,"I will bring the blind by a way that they don't know. I will lead them in paths that they don't know. I will make darkness light before them, and crooked places straight. I will do these things, and I will not forsake them."
18507,Isaiah,23,43,1,"But now thus says Yahweh who created you, Jacob, and he who formed you, Israel: ""Don't be afraid, for I have redeemed you. I have called you by your name. You are mine."
18508,Isaiah,23,43,2,"When you pass through the waters, I will be with you; and through the rivers, they will not overflow you. When you walk through the fire, you will not be burned, and flame will not scorch you."
18509,Isaiah,23,43,3,"For I am Yahweh your God, the Holy One of Israel, your Savior. I have given Egypt as your ransom, Ethiopia and Seba in your place."
18510,Isaiah,23,43,4,"Since you have been precious and honored in my sight, and I have loved you; therefore I will give people in your place, and nations instead of your life."
18511,Isaiah,23,43,5,"Don't be afraid; for I am with you. I will bring your seed from the east, and gather you from the west."
18512,Isaiah,23,43,6,"I will tell the north, 'Give them up!' and tell the south, 'Don't hold them back! Bring my sons from far, and my daughters from the ends of the earth--"
18518,Isaiah,23,43,12,"I have declared, I have saved, and I have shown; and there was no strange god among you. Therefore you are my witnesses,"" says Yahweh, ""and I am God."
18520,Isaiah,23,43,14,"Thus says Yahweh, your Redeemer, the Holy One of Israel: ""For your sake, I have sent to Babylon, and I will bring all of them down as fugitives, even the Chaldeans, in the ships of their rejoicing."
18521,Isaiah,23,43,15,"I am Yahweh, your Holy One, the Creator of Israel, your King."""
18525,Isaiah,23,43,19,"Behold, I will do a new thing. It springs forth now. Don't you know it? I will even make a way in the wilderness, and rivers in the desert."
18531,Isaiah,23,43,25,"I, even I, am he who blots out your transgressions for my own sake; and I will not remember your sins."
18534,Isaiah,23,43,28,"Therefore I will profane the princes of the sanctuary; and I will make Jacob a curse, and Israel an insult."""
18536,Isaiah,23,44,2,"This is what Yahweh who made you, and formed you from the womb, who will help you says: ""Don't be afraid, Jacob my servant; and you, Jeshurun, whom I have chosen."
18537,Isaiah,23,44,3,"For I will pour water on him who is thirsty, and streams on the dry ground. I will pour my Spirit on your seed, and my blessing on your offspring:"
18539,Isaiah,23,44,5,"One will say, 'I am Yahweh's;' and another will be called by the name of Jacob; and another will write with his hand 'to Yahweh,' and honor the name of Israel."""
18558,Isaiah,23,44,24,"Thus says Yahweh, your Redeemer, and he who formed you from the womb: ""I am Yahweh, who makes all things; who alone stretches out the heavens; who spreads out the earth by myself;"
18560,Isaiah,23,44,26,"who confirms the word of his servant, and performs the counsel of his messengers; who says of Jerusalem, 'She will be inhabited;' and of the cities of Judah, 'They will be built,' and 'I will raise up its waste places;'"
18561,Isaiah,23,44,27,"who says to the deep, 'Be dry,' and 'I will dry up your rivers;'"
18564,Isaiah,23,45,2,"""I will go before you, and make the rough places smooth. I will break the doors of brass in pieces, and cut apart the bars of iron."
18565,Isaiah,23,45,3,"I will give you the treasures of darkness, and hidden riches of secret places, that you may know that it is I, Yahweh, who call you by your name, even the God of Israel."
18567,Isaiah,23,45,5,"I am Yahweh, and there is none else. Besides me, there is no God. I will strengthen you, though you have not known me;"
18568,Isaiah,23,45,6,"that they may know from the rising of the sun, and from the west, that there is none besides me. I am Yahweh, and there is no one else."
18569,Isaiah,23,45,7,"I form the light, and create darkness. I make peace, and create calamity. I am Yahweh, who does all these things."
18575,Isaiah,23,45,13,"I have raised him up in righteousness, and I will make straight all his ways. He shall build my city, and he shall let my exiles go free, not for price nor reward,"" says Yahweh of Armies."
18580,Isaiah,23,45,18,"For thus says Yahweh who created the heavens, the God who formed the earth and made it, who established it and didn't create it a waste, who formed it to be inhabited: ""I am Yahweh; and there is no other."
18584,Isaiah,23,45,22,"""Look to me, and be saved, all the ends of the earth; for I am God, and there is no other."
18596,Isaiah,23,46,9,"Remember the former things of old: for I am God, and there is none else; [I am] God, and there is none like me;"
18597,Isaiah,23,46,10,"declaring the end from the beginning, and from ancient times things that are not [yet] done; saying, My counsel shall stand, and I will do all my pleasure;"
18598,Isaiah,23,46,11,"calling a ravenous bird from the east, the man of my counsel from a far country; yes, I have spoken, I will also bring it to pass; I have purposed, I will also do it."
18600,Isaiah,23,46,13,"I bring near my righteousness, it shall not be far off, and my salvation shall not wait; and I will place salvation in Zion for Israel my glory."
18603,Isaiah,23,47,3,"Your nakedness shall be uncovered, yes, your shame shall be seen: I will take vengeance, and will spare no man."""
18626,Isaiah,23,48,11,"For my own sake, for my own sake, will I do it; for how should [my name] be profaned? and my glory I will not give to another."
18632,Isaiah,23,48,17,"Thus says Yahweh, your Redeemer, the Holy One of Israel: I am Yahweh your God, who teaches you to profit, who leads you by the way that you should go."
18640,Isaiah,23,49,3,"and he said to me, ""You are my servant; Israel, in whom I will be glorified."""
18643,Isaiah,23,49,6,"yes, he says, ""It is too light a thing that you should be my servant to raise up the tribes of Jacob, and to restore the preserved of Israel: I will also give you for a light to the nations, that you may be my salvation to the end of the earth."""
18645,Isaiah,23,49,8,"Thus says Yahweh, ""In an acceptable time have I answered you, and in a day of salvation have I helped you; and I will preserve you, and give you for a covenant of the people, to raise up the land, to make them inherit the desolate heritage:"
18648,Isaiah,23,49,11,"I will make all my mountains a way, and my highways shall be exalted."
18652,Isaiah,23,49,15,"""Can a woman forget her nursing child, that she should not have compassion on the son of her womb? Yes, these may forget, yet I will not forget you!"
18659,Isaiah,23,49,22,"Thus says the Lord Yahweh, ""Behold, I will lift up my hand to the nations, and set up my banner to the peoples; and they shall bring your sons in their bosom, and your daughters shall be carried on their shoulders."
18660,Isaiah,23,49,23,"Kings shall be your nursing fathers, and their queens your nursing mothers: they shall bow down to you with their faces to the earth, and lick the dust of your feet; and you shall know that I am Yahweh; and those who wait for me shall not be disappointed."""
18662,Isaiah,23,49,25,"But thus says Yahweh, ""Even the captives of the mighty shall be taken away, and the prey of the terrible shall be delivered; for I will contend with him who contends with you, and I will save your children."
18663,Isaiah,23,49,26,"I will feed those who oppress you with their own flesh; and they shall be drunken with their own blood, as with sweet wine: and all flesh shall know that I, Yahweh, am your Savior, and your Redeemer, the Mighty One of Jacob."""
18670,Isaiah,23,50,7,"For the Lord Yahweh will help me; therefore I have not been confounded: therefore have I set my face like a flint, and I know that I shall not be disappointed."
18672,Isaiah,23,50,9,"Behold, the Lord Yahweh will help me; who is he who shall condemn me? Behold, all they shall wax old as a garment, the moth shall eat them up."
18678,Isaiah,23,51,4,"""Attend to me, my people; and give ear to me, my nation: for a law shall go forth from me, and I will establish my justice for a light of the peoples."
18689,Isaiah,23,51,15,"For I am Yahweh your God, who stirs up the sea, so that its waves roar: Yahweh of Armies is his name."
18697,Isaiah,23,51,23,"and I will put it into the hand of those who afflict you, who have said to your soul, 'Bow down, that we may walk over you;' and you have laid your back as the ground, and as the street, to those who walk over."""
18701,Isaiah,23,52,4,"For thus says the Lord Yahweh, ""My people went down at the first into Egypt to live there: and the Assyrian has oppressed them without cause."
18709,Isaiah,23,52,12,"For you shall not go out in haste, neither shall you go by flight: for Yahweh will go before you; and the God of Israel will be your rear guard."
18728,Isaiah,23,54,4,"""Don't be afraid; for you shall not be ashamed: neither be confounded; for you shall not be disappointed: for you shall forget the shame of your youth; and the reproach of your widowhood you shall remember no more."
18733,Isaiah,23,54,9,"""For this is like the waters of Noah to me; for as I have sworn that the waters of Noah shall no more go over the earth, so have I sworn that I will not be angry with you, nor rebuke you."
18735,Isaiah,23,54,11,"""You afflicted, tossed with storms, and not comforted, behold, I will set your stones in beautiful colors, and lay your foundations with sapphires."
18736,Isaiah,23,54,12,"I will make your pinnacles of rubies, and your gates of sparkling jewels, and all your walls of precious stones."
18744,Isaiah,23,55,3,"Turn your ear, and come to me; hear, and your soul shall live: and I will make an everlasting covenant with you, even the sure mercies of David."
18756,Isaiah,23,56,2,"Blessed is the man who does this, and the son of man who holds it fast; who keeps the Sabbath from profaning it, and keeps his hand from doing any evil."""
18757,Isaiah,23,56,3,"Neither let the foreigner, who has joined himself to Yahweh, speak, saying, ""Yahweh will surely separate me from his people;"" neither let the eunuch say, ""Behold, I am a dry tree."""
18759,Isaiah,23,56,5,"to them I will give in my house and within my walls a memorial and a name better than of sons and of daughters; I will give them an everlasting name, that shall not be cut off."
18766,Isaiah,23,56,12,"""Come,"" [say they], ""I will get wine, and we will fill ourselves with strong drink; and tomorrow shall be as this day, [a day] great beyond measure."""
18778,Isaiah,23,57,12,"I will declare your righteousness; and as for your works, they shall not profit you."
18782,Isaiah,23,57,16,"For I will not contend forever, neither will I be always angry; for the spirit would faint before me, and the souls who I have made."
18784,Isaiah,23,57,18,"I have seen his ways, and will heal him: I will lead him also, and restore comforts to him and to his mourners."
18785,Isaiah,23,57,19,"I create the fruit of the lips: Peace, peace, to him who is far off and to him who is near,"" says Yahweh; ""and I will heal them."""
18796,Isaiah,23,58,9,"Then you shall call, and Yahweh will answer; you shall cry, and he will say, 'Here I am.' ""If you take away from the midst of you the yoke, the putting forth of the finger, and speaking wickedly;"
18798,Isaiah,23,58,11,"and Yahweh will guide you continually, and satisfy your soul in dry places, and make strong your bones; and you shall be like a watered garden, and like a spring of water, whose waters don't fail."
18801,Isaiah,23,58,14,"then you shall delight yourself in Yahweh; and I will make you to ride on the high places of the earth; and I will feed you with the heritage of Jacob your father:"" for the mouth of Yahweh has spoken it."
18824,Isaiah,23,60,2,"For, behold, darkness shall cover the earth, and gross darkness the peoples; but Yahweh will arise on you, and his glory shall be seen on you."
18829,Isaiah,23,60,7,"All the flocks of Kedar shall be gathered together to you, the rams of Nebaioth shall minister to you; they shall come up with acceptance on my altar; and I will glorify the house of my glory."
18835,Isaiah,23,60,13,"""The glory of Lebanon shall come to you, the fir tree, the pine, and the box tree together, to beautify the place of my sanctuary; and I will make the place of my feet glorious."
18837,Isaiah,23,60,15,"""Whereas you have been forsaken and hated, so that no man passed through you, I will make you an eternal excellency, a joy of many generations."
18839,Isaiah,23,60,17,"For brass I will bring gold, and for iron I will bring silver, and for wood brass, and for stones iron. I will also make your officers peace, and righteousness your ruler."
18841,Isaiah,23,60,19,"The sun shall be no more your light by day; neither for brightness shall the moon give light to you: but Yahweh will be to you an everlasting light, and your God your glory."
18842,Isaiah,23,60,20,"Your sun shall no more go down, neither shall your moon withdraw itself; for Yahweh will be your everlasting light, and the days of your mourning shall be ended."
18852,Isaiah,23,61,8,"""For I, Yahweh, love justice, I hate robbery with iniquity; and I will give them their recompense in truth, and I will make an everlasting covenant with them."
18854,Isaiah,23,61,10,"I will greatly rejoice in Yahweh, my soul shall be joyful in my God; for he has clothed me with the garments of salvation, he has covered me with the robe of righteousness, as a bridegroom decks himself with a garland, and as a bride adorns herself with her jewels."
18855,Isaiah,23,61,11,"For as the earth brings forth its bud, and as the garden causes the things that are sown in it to spring forth; so the Lord Yahweh will cause righteousness and praise to spring forth before all the nations."
18856,Isaiah,23,62,1,"For Zion's sake will I not hold my peace, and for Jerusalem's sake I will not rest, until her righteousness go forth as brightness, and her salvation as a lamp that burns."
18860,Isaiah,23,62,5,"For as a young man marries a virgin, so your sons shall marry you; and as the bridegroom rejoices over the bride, so your God will rejoice over you."
18863,Isaiah,23,62,8,"Yahweh has sworn by his right hand, and by the arm of his strength, ""Surely I will no more give your grain to be food for your enemies; and foreigners shall not drink your new wine, for which you have labored:"
18874,Isaiah,23,63,7,"I will make mention of the loving kindnesses of Yahweh, [and] the praises of Yahweh, according to all that Yahweh has bestowed on us, and the great goodness toward the house of Israel, which he has bestowed on them according to his mercies, and according to the multitude of his loving kindnesses."
18904,Isaiah,23,65,6,"""Behold, it is written before me: I will not keep silence, but will recompense, yes, I will recompense into their bosom,"
18907,Isaiah,23,65,9,"I will bring forth a seed out of Jacob, and out of Judah an inheritor of my mountains; and my chosen shall inherit it, and my servants shall dwell there."
18910,Isaiah,23,65,12,"I will destine you to the sword, and you shall all bow down to the slaughter; because when I called, you did not answer; when I spoke, you did not hear; but you did that which was evil in my eyes, and chose that in which I didn't delight."""
18911,Isaiah,23,65,13,"Therefore thus says the Lord Yahweh, ""Behold, my servants shall eat, but you shall be hungry; behold, my servants shall drink, but you shall be thirsty; behold, my servants shall rejoice, but you shall be disappointed;"
18913,Isaiah,23,65,15,You shall leave your name for a curse to my chosen; and the Lord Yahweh will kill you; and he will call his servants by another name:
18917,Isaiah,23,65,19,"I will rejoice in Jerusalem, and joy in my people; and there shall be heard in her no more the voice of weeping and the voice of crying."
18922,Isaiah,23,65,24,"It shall happen that, before they call, I will answer; and while they are yet speaking, I will hear."
18935,Isaiah,23,66,12,"For thus says Yahweh, ""Behold, I will extend peace to her like a river, and the glory of the nations like an overflowing stream: and you will nurse. You will be carried on her side, and will be dandled on her knees."
18938,Isaiah,23,66,15,"For, behold, Yahweh will come with fire, and his chariots shall be like the whirlwind; to render his anger with fierceness, and his rebuke with flames of fire."
18941,Isaiah,23,66,18,"""For I [know] their works and their thoughts: [the time] comes, that I will gather all nations and languages; and they shall come, and shall see my glory."
18942,Isaiah,23,66,19,"""I will set a sign among them, and I will send such as escape of them to the nations, to Tarshish, Pul, and Lud, who draw the bow, to Tubal and Javan, to the islands afar off, who have not heard my fame, neither have seen my glory; and they shall declare my glory among the nations."
18945,Isaiah,23,66,22,"""For as the new heavens and the new earth, which I will make, shall remain before me,"" says Yahweh, ""so your seed and your name shall remain."
18955,Jeremiah,24,1,8,"Don't be afraid because of them; for I am with you to deliver you,"" says Yahweh."
18962,Jeremiah,24,1,15,"For, behold, I will call all the families of the kingdoms of the north,"" says Yahweh; ""and they shall come, and they shall each set his throne at the entrance of the gates of Jerusalem, and against all its walls all around, and against all the cities of Judah."
18963,Jeremiah,24,1,16,"I will utter my judgments against them touching all their wickedness, in that they have forsaken me, and have burned incense to other gods, and worshiped the works of their own hands."
18966,Jeremiah,24,1,19,"They will fight against you; but they will not prevail against you; for I am with you,"" says Yahweh, ""to deliver you."""
18975,Jeremiah,24,2,9,"""Therefore I will yet contend with you,"" says Yahweh, ""and I will contend with your children's children."
18985,Jeremiah,24,2,19,"""Your own wickedness shall correct you, and your backsliding shall reprove you. Know therefore and see that it is an evil thing and a bitter, that you have forsaken Yahweh your God, and that my fear is not in you,"" says the Lord, Yahweh of Armies."
18986,Jeremiah,24,2,20,"""For of old time I have broken your yoke, and burst your bonds; and you said, 'I will not serve;' for on every high hill and under every green tree you bowed yourself, playing the prostitute."
18988,Jeremiah,24,2,22,"For though you wash yourself with lye, and use much soap, yet your iniquity is marked before me,"" says the Lord Yahweh."
18991,Jeremiah,24,2,25,"""Withhold your foot from being unshod, and your throat from thirst. But you said, 'It is in vain. No, for I have loved strangers, and I will go after them.'"
19001,Jeremiah,24,2,35,"""Yet you said, 'I am innocent. Surely his anger has turned away from me.' ""Behold, I will judge you, because you say, 'I have not sinned.'"
19015,Jeremiah,24,3,12,"Go, and proclaim these words toward the north, and say, 'Return, you backsliding Israel,' says Yahweh; 'I will not look in anger on you; for I am merciful,' says Yahweh. 'I will not keep [anger] forever."
19017,Jeremiah,24,3,14,"""Return, backsliding children,"" says Yahweh; ""for I am a husband to you. I will take you one of a city, and two of a family, and I will bring you to Zion."
19018,Jeremiah,24,3,15,"I will give you shepherds according to my heart, who shall feed you with knowledge and understanding."
19025,Jeremiah,24,3,22,"Return, you backsliding children, I will heal your backsliding. ""Behold, we have come to you; for you are Yahweh our God."
19034,Jeremiah,24,4,6,"Set up a standard toward Zion. Flee for safety! Don't wait; for I will bring evil from the north, and a great destruction."""
19040,Jeremiah,24,4,12,"a full wind from these shall come for me. Now I will also utter judgments against them."""
19060,Jeremiah,24,5,1,"""Run back and forth through the streets of Jerusalem, and see now, and know, and seek in the broad places of it, if you can find a man, if there are any who does justly, who seeks truth; and I will pardon her."
19064,Jeremiah,24,5,5,"I will go to the great men, and will speak to them; for they know the way of Yahweh, and the law of their God."" But these with one accord have broken the yoke, and burst the bonds."
19073,Jeremiah,24,5,14,"Therefore thus says Yahweh, the God of Armies, ""Because you speak this word, behold, I will make my words in your mouth fire, and this people wood, and it shall devour them."
19074,Jeremiah,24,5,15,"Behold, I will bring a nation on you from far, house of Israel,"" says Yahweh. ""It is a mighty nation. It is an ancient nation, a nation whose language you don't know, neither understand what they say."
19077,Jeremiah,24,5,18,"""But even in those days,"" says Yahweh, ""I will not make a full end with you."
19102,Jeremiah,24,6,12,"Their houses shall be turned to others, their fields and their wives together; for I will stretch out my hand on the inhabitants of the land, says Yahweh."""
19109,Jeremiah,24,6,19,"Hear, earth! Behold, I will bring evil on this people, even the fruit of their thoughts, because they have not listened to my words; and as for my law, they have rejected it."
19111,Jeremiah,24,6,21,"Therefore thus says Yahweh, ""Behold, I will lay stumbling blocks before this people. The fathers and the sons together shall stumble against them. The neighbor and his friend shall perish."""
19123,Jeremiah,24,7,3,"Thus says Yahweh of Armies, the God of Israel, Amend your ways and your doings, and I will cause you to dwell in this place."
19135,Jeremiah,24,7,15,"I will cast you out of my sight, as I have cast out all your brothers, even the whole seed of Ephraim."
19136,Jeremiah,24,7,16,"Therefore don't pray for this people, neither lift up a cry nor prayer for them, neither make intercession to me; for I will not hear you."
19140,Jeremiah,24,7,20,"Therefore thus says the Lord Yahweh: Behold, my anger and my wrath shall be poured out on this place, on man, and on animal, and on the trees of the field, and on the fruit of the ground; and it shall burn, and shall not be quenched."
19143,Jeremiah,24,7,23,"but this thing I commanded them, saying, Listen to my voice, and I will be your God, and you shall be my people; and walk in all the way that I command you, that it may be well with you."
19167,Jeremiah,24,8,13,"I will utterly consume them, says Yahweh: no grapes shall be on the vine, nor figs on the fig tree, and the leaf shall fade; and [the things that] I have given them shall pass away from them."
19171,Jeremiah,24,8,17,"For, behold, I will send serpents, adders, among you, which will not be charmed; and they shall bite you, says Yahweh."
19183,Jeremiah,24,9,7,"Therefore thus says Yahweh of Armies, Behold, I will melt them, and try them; for how [else] should I do, because of the daughter of my people?"
19187,Jeremiah,24,9,11,"I will make Jerusalem heaps, a dwelling place of jackals; and I will make the cities of Judah a desolation, without inhabitant."
19191,Jeremiah,24,9,15,"therefore thus says Yahweh of Armies, the God of Israel, Behold, I will feed them, even this people, with wormwood, and give them water of gall to drink."
19192,Jeremiah,24,9,16,"I will scatter them also among the nations, whom neither they nor their fathers have known; and I will send the sword after them, until I have consumed them."
19200,Jeremiah,24,9,24,"but let him who glories glory in this, that he has understanding, and knows me, that I am Yahweh who exercises loving kindness, justice, and righteousness, in the earth: for in these things I delight, says Yahweh."
19201,Jeremiah,24,9,25,"Behold, the days come, says Yahweh, that I will punish all those who are circumcised in [their] uncircumcision:"
19207,Jeremiah,24,10,5,"They are like a palm tree, of turned work, and don't speak: they must be carried, because they can't go. Don't be afraid of them; for they can't do evil, neither is it in them to do good."""
19220,Jeremiah,24,10,18,"For thus says Yahweh, Behold, I will sling out the inhabitants of the land at this time, and will distress them, that they may feel [it]."
19231,Jeremiah,24,11,4,"which I commanded your fathers in the day that I brought them forth out of the land of Egypt, out of the iron furnace, saying, Obey my voice, and do them, according to all which I command you: so you shall be my people, and I will be your God;"
19238,Jeremiah,24,11,11,"Therefore thus says Yahweh, Behold, I will bring evil on them, which they shall not be able to escape; and they shall cry to me, but I will not listen to them."
19241,Jeremiah,24,11,14,"Therefore don't pray for this people, neither lift up cry nor prayer for them; for I will not hear them in the time that they cry to me because of their trouble."
19249,Jeremiah,24,11,22,"therefore thus says Yahweh of Armies, Behold, I will punish them: the young men shall die by the sword; their sons and their daughters shall die by famine;"
19250,Jeremiah,24,11,23,"and there shall be no remnant to them: for I will bring evil on the men of Anathoth, even the year of their visitation."
19264,Jeremiah,24,12,14,"Thus says Yahweh against all my evil neighbors, who touch the inheritance which I have caused my people Israel to inherit: behold, I will pluck them up from off their land, and will pluck up the house of Judah from among them."
19265,Jeremiah,24,12,15,"It shall happen, after that I have plucked them up, I will return and have compassion on them; and I will bring them again, every man to his heritage, and every man to his land."
19276,Jeremiah,24,13,9,"Thus says Yahweh, In this way I will mar the pride of Judah, and the great pride of Jerusalem."
19280,Jeremiah,24,13,13,"Then you shall tell them, Thus says Yahweh, Behold, I will fill all the inhabitants of this land, even the kings who sit on David's throne, and the priests, and the prophets, and all the inhabitants of Jerusalem, with drunkenness."
19281,Jeremiah,24,13,14,"I will dash them one against another, even the fathers and the sons together, says Yahweh: I will not pity, nor spare, nor have compassion, that I should not destroy them."
19306,Jeremiah,24,14,12,"When they fast, I will not hear their cry; and when they offer burnt offering and meal offering, I will not accept them; but I will consume them by the sword, and by the famine, and by the pestilence."
19307,Jeremiah,24,14,13,"Then I said, Ah, Lord Yahweh! behold, the prophets tell them, You shall not see the sword, neither shall you have famine; but I will give you assured peace in this place."
19310,Jeremiah,24,14,16,"The people to whom they prophesy shall be cast out in the streets of Jerusalem because of the famine and the sword; and they shall have none to bury them--them, their wives, nor their sons, nor their daughters: for I will pour their wickedness on them."
19319,Jeremiah,24,15,3,"I will appoint over them four kinds, says Yahweh: the sword to kill, and the dogs to tear, and the birds of the sky, and the animals of the earth, to devour and to destroy."
19320,Jeremiah,24,15,4,"I will cause them to be tossed back and forth among all the kingdoms of the earth, because of Manasseh, the son of Hezekiah, king of Judah, for that which he did in Jerusalem."
19327,Jeremiah,24,15,11,"Yahweh said, Most certainly I will strengthen you for good; most certainly I will cause the enemy to make supplication to you in the time of evil and in the time of affliction."
19330,Jeremiah,24,15,14,"I will make [them] to pass with your enemies into a land which you don't know; for a fire is kindled in my anger, which shall burn on you."
19336,Jeremiah,24,15,20,"I will make you to this people a fortified bronze wall; and they shall fight against you, but they shall not prevail against you; for I am with you to save you and to deliver you, says Yahweh."
19337,Jeremiah,24,15,21,"I will deliver you out of the hand of the wicked, and I will redeem you out of the hand of the terrible."
19346,Jeremiah,24,16,9,"For thus says Yahweh of Armies, the God of Israel: Behold, I will cause to cease out of this place, before your eyes and in your days, the voice of mirth and the voice of gladness, the voice of the bridegroom and the voice of the bride."
19350,Jeremiah,24,16,13,"therefore will I cast you forth out of this land into the land that you have not known, neither you nor your fathers; and there you shall serve other gods day and night; for I will show you no favor."
19352,Jeremiah,24,16,15,"but, As Yahweh lives, who brought up the children of Israel from the land of the north, and from all the countries where he had driven them. I will bring them again into their land that I gave to their fathers."
19353,Jeremiah,24,16,16,"Behold, I will send for many fishermen, says Yahweh, and they shall fish them up; and afterward I will send for many hunters, and they shall hunt them from every mountain, and from every hill, and out of the clefts of the rocks."
19355,Jeremiah,24,16,18,"First I will recompense their iniquity and their sin double, because they have polluted my land with the carcasses of their detestable things, and have filled my inheritance with their abominations."
19358,Jeremiah,24,16,21,"Therefore, behold, I will cause them to know, this once will I cause them to know my hand and my might; and they shall know that my name is Yahweh."
19361,Jeremiah,24,17,3,"My mountain in the field, I will give your substance and all your treasures for a spoil, [and] your high places, because of sin, throughout all your borders."
19362,Jeremiah,24,17,4,"You, even of yourself, shall discontinue from your heritage that I gave you; and I will cause you to serve your enemies in the land which you don't know: for you have kindled a fire in my anger which shall burn forever."
19365,Jeremiah,24,17,7,"Blessed is the man who trusts in Yahweh, and whose trust Yahweh is."
19387,Jeremiah,24,18,2,"Arise, and go down to the potter's house, and there I will cause you to hear my words."
19393,Jeremiah,24,18,8,"if that nation, concerning which I have spoken, turn from their evil, I will repent of the evil that I thought to do to them."
19395,Jeremiah,24,18,10,"if they do that which is evil in my sight, that they not obey my voice, then I will repent of the good, with which I said I would benefit them."
19402,Jeremiah,24,18,17,"I will scatter them as with an east wind before the enemy; I will show them the back, and not the face, in the day of their calamity."
19411,Jeremiah,24,19,3,"and say, Hear the word of Yahweh, kings of Judah, and inhabitants of Jerusalem: thus says Yahweh of Armies, the God of Israel, Behold, I will bring evil on this place, which whoever hears, his ears shall tingle."
19415,Jeremiah,24,19,7,"I will make void the counsel of Judah and Jerusalem in this place; and I will cause them to fall by the sword before their enemies, and by the hand of those who seek their life: and their dead bodies will I give to be food for the birds of the sky, and for the animals of the earth."
19416,Jeremiah,24,19,8,"I will make this city an astonishment, and a hissing; everyone who passes thereby shall be astonished and hiss because of all its plagues."
19417,Jeremiah,24,19,9,"I will cause them to eat the flesh of their sons and the flesh of their daughters; and they shall eat everyone the flesh of his friend, in the siege and in the distress, with which their enemies, and those who seek their life, shall distress them."
19423,Jeremiah,24,19,15,"Thus says Yahweh of Armies, the God of Israel, Behold, I will bring on this city and on all its towns all the evil that I have pronounced against it; because they have made their neck stiff, that they may not hear my words."
19427,Jeremiah,24,20,4,"For thus says Yahweh, Behold, I will make you a terror to yourself, and to all your friends; and they shall fall by the sword of their enemies, and your eyes shall see it; and I will give all Judah into the hand of the king of Babylon, and he shall carry them captive to Babylon, and shall kill them with the sword."
19428,Jeremiah,24,20,5,"Moreover I will give all the riches of this city, and all its gains, and all the precious things of it, yes, all the treasures of the kings of Judah will I give into the hand of their enemies; and they shall make them a prey, and take them, and carry them to Babylon."
19432,Jeremiah,24,20,9,"If I say, I will not make mention of him, nor speak any more in his name, then there is in my heart as it were a burning fire shut up in my bones, and I am weary with forbearing, and I can't [contain]."
19443,Jeremiah,24,21,2,"Please inquire of Yahweh for us; for Nebuchadnezzar king of Babylon makes war against us: perhaps Yahweh will deal with us according to all his wondrous works, that he may go up from us."
19445,Jeremiah,24,21,4,"Thus says Yahweh, the God of Israel, Behold, I will turn back the weapons of war that are in your hands, with which you fight against the king of Babylon, and against the Chaldeans who besiege you, without the walls; and I will gather them into the midst of this city."
19447,Jeremiah,24,21,6,"I will strike the inhabitants of this city, both man and animal: they shall die of a great pestilence."
19448,Jeremiah,24,21,7,"Afterward, says Yahweh, I will deliver Zedekiah king of Judah, and his servants, and the people, even such as are left in this city from the pestilence, from the sword, and from the famine, into the hand of Nebuchadnezzar king of Babylon, and into the hand of their enemies, and into the hand of those who seek their life: and he shall strike them with the edge of the sword; he shall not spare them, neither have pity, nor have mercy."
19455,Jeremiah,24,21,14,"I will punish you according to the fruit of your doings, says Yahweh; and I will kindle a fire in her forest, and it shall devour all that is around her."
19461,Jeremiah,24,22,6,"For thus says Yahweh concerning the house of the king of Judah: You are Gilead to me, [and] the head of Lebanon; [yet] surely I will make you a wilderness, [and] cities which are not inhabited."
19462,Jeremiah,24,22,7,"I will prepare destroyers against you, everyone with his weapons; and they shall cut down your choice cedars, and cast them into the fire."
19469,Jeremiah,24,22,14,"who says, I will build me a wide house and spacious rooms, and cuts him out windows; and it is ceiling with cedar, and painted with vermilion."
19476,Jeremiah,24,22,21,"I spoke to you in your prosperity; but you said, I will not hear. This has been your way from your youth, that you didn't obey my voice."
19480,Jeremiah,24,22,25,"and I will give you into the hand of those who seek your life, and into the hand of them of whom you are afraid, even into the hand of Nebuchadnezzar king of Babylon, and into the hand of the Chaldeans."
19481,Jeremiah,24,22,26,"I will cast you out, and your mother who bore you, into another country, where you were not born; and there you will die."
19487,Jeremiah,24,23,2,"Therefore thus says Yahweh, the God of Israel, against the shepherds who feed my people: You have scattered my flock, and driven them away, and have not visited them; behold, I will visit on you the evil of your doings, says Yahweh."
19488,Jeremiah,24,23,3,"I will gather the remnant of my flock out of all the countries where I have driven them, and will bring them again to their folds; and they shall be fruitful and multiply."
19489,Jeremiah,24,23,4,"I will set up shepherds over them, who shall feed them; and they shall fear no more, nor be dismayed, neither shall any be lacking, says Yahweh."
19490,Jeremiah,24,23,5,"Behold, the days come, says Yahweh, that I will raise to David a righteous Branch, and he shall reign as king and deal wisely, and shall execute justice and righteousness in the land."
19497,Jeremiah,24,23,12,"Therefore their way shall be to them as slippery places in the darkness: they shall be driven on, and fall therein; for I will bring evil on them, even the year of their visitation, says Yahweh."
19500,Jeremiah,24,23,15,"Therefore thus says Yahweh of Armies concerning the prophets: Behold, I will feed them with wormwood, and make them drink the water of gall; for from the prophets of Jerusalem is ungodliness gone forth into all the land."
19518,Jeremiah,24,23,33,"When this people, or the prophet, or a priest, shall ask you, saying, What is the burden of Yahweh? Then you shall tell them, What burden! I will cast you off, says Yahweh."
19519,Jeremiah,24,23,34,"As for the prophet, and the priest, and the people, who shall say, The burden of Yahweh, I will even punish that man and his house."
19524,Jeremiah,24,23,39,"therefore, behold, I will utterly forget you, and I will cast you off, and the city that I gave to you and to your fathers, away from my presence:"
19525,Jeremiah,24,23,40,"and I will bring an everlasting reproach on you, and a perpetual shame, which shall not be forgotten."
19531,Jeremiah,24,24,6,"For I will set my eyes on them for good, and I will bring them again to this land: and I will build them, and not pull them down; and I will plant them, and not pluck them up."
19532,Jeremiah,24,24,7,"I will give them a heart to know me, that I am Yahweh: and they shall be my people, and I will be their God; for they shall return to me with their whole heart."
19534,Jeremiah,24,24,9,"I will even give them up to be tossed back and forth among all the kingdoms of the earth for evil; to be a reproach and a proverb, a taunt and a curse, in all places where I shall drive them."
19535,Jeremiah,24,24,10,"I will send the sword, the famine, and the pestilence, among them, until they be consumed from off the land that I gave to them and to their fathers."
19541,Jeremiah,24,25,6,"and don't go after other gods to serve them or worship them, and don't provoke me to anger with the work of your hands; and I will do you no harm."
19544,Jeremiah,24,25,9,"behold, I will send and take all the families of the north, says Yahweh, and [I will send] to Nebuchadnezzar the king of Babylon, my servant, and will bring them against this land, and against its inhabitants, and against all these nations around; and I will utterly destroy them, and make them an astonishment, and a hissing, and perpetual desolations."
19545,Jeremiah,24,25,10,"Moreover I will take from them the voice of mirth and the voice of gladness, the voice of the bridegroom and the voice of the bride, the sound of the millstones, and the light of the lamp."
19547,Jeremiah,24,25,12,"It shall happen, when seventy years are accomplished, that I will punish the king of Babylon, and that nation, says Yahweh, for their iniquity, and the land of the Chaldeans; and I will make it desolate forever."
19548,Jeremiah,24,25,13,"I will bring on that land all my words which I have pronounced against it, even all that is written in this book, which Jeremiah has prophesied against all the nations."
19549,Jeremiah,24,25,14,"For many nations and great kings shall make bondservants of them, even of them; and I will recompense them according to their deeds, and according to the work of their hands."
19551,Jeremiah,24,25,16,"They shall drink, and reel back and forth, and be mad, because of the sword that I will send among them."
19562,Jeremiah,24,25,27,"You shall tell them, Thus says Yahweh of Armies, the God of Israel: Drink, and be drunk, vomit, fall, and rise no more, because of the sword which I will send among you."
19564,Jeremiah,24,25,29,"For, behold, I begin to work evil at the city which is called by my name; and should you be utterly unpunished? You shall not be unpunished; for I will call for a sword on all the inhabitants of the earth, says Yahweh of Armies."
19565,Jeremiah,24,25,30,"Therefore prophesy you against them all these words, and tell them, Yahweh will roar from on high, and utter his voice from his holy habitation; he will mightily roar against his fold; he will give a shout, as those who tread [the grapes], against all the inhabitants of the earth."
19586,Jeremiah,24,26,13,"Now therefore amend your ways and your doings, and obey the voice of Yahweh your God; and Yahweh will repent him of the evil that he has pronounced against you."
19623,Jeremiah,24,28,4,"and I will bring again to this place Jeconiah the son of Jehoiakim, king of Judah, with all the captives of Judah, who went to Babylon, says Yahweh; for I will break the yoke of the king of Babylon."
19635,Jeremiah,24,28,16,"Therefore thus says Yahweh, Behold, I will send you away from off the surface of the earth: this year you shall die, because you have spoken rebellion against Yahweh."
19646,Jeremiah,24,29,10,"For thus says Yahweh, After seventy years are accomplished for Babylon, I will visit you, and perform my good word toward you, in causing you to return to this place."
19648,Jeremiah,24,29,12,"You shall call on me, and you shall go and pray to me, and I will listen to you."
19650,Jeremiah,24,29,14,"I will be found by you, says Yahweh, and I will turn again your captivity, and I will gather you from all the nations, and from all the places where I have driven you, says Yahweh; and I will bring you again to the place from where I caused you to be carried away captive."
19653,Jeremiah,24,29,17,"thus says Yahweh of Armies; Behold, I will send on them the sword, the famine, and the pestilence, and will make them like vile figs, that can't be eaten, they are so bad."
19654,Jeremiah,24,29,18,"I will pursue after them with the sword, with the famine, and with the pestilence, and will deliver them to be tossed back and forth among all the kingdoms of the earth, to be an object of horror, and an astonishment, and a hissing, and a reproach, among all the nations where I have driven them;"
19657,Jeremiah,24,29,21,"Thus says Yahweh of Armies, the God of Israel, concerning Ahab the son of Kolaiah, and concerning Zedekiah the son of Maaseiah, who prophesy a lie to you in my name: Behold, I will deliver them into the hand of Nebuchadnezzar king of Babylon; and he shall kill them before your eyes;"
19668,Jeremiah,24,29,32,"therefore thus says Yahweh, Behold, I will punish Shemaiah the Nehelamite, and his seed; he shall not have a man to dwell among this people, neither shall he see the good that I will do to my people, says Yahweh, because he has spoken rebellion against Yahweh."
19671,Jeremiah,24,30,3,"For, behold, the days come, says Yahweh, that I will turn again the captivity of my people Israel and Judah, says Yahweh; and I will cause them to return to the land that I gave to their fathers, and they shall possess it."
19676,Jeremiah,24,30,8,"It shall come to pass in that day, says Yahweh of Armies, that I will break his yoke from off your neck, and will burst your bonds; and strangers shall no more make him their bondservant;"
19677,Jeremiah,24,30,9,"but they shall serve Yahweh their God, and David their king, whom I will raise up to them."
19678,Jeremiah,24,30,10,"Therefore don't you be afraid, O Jacob my servant, says Yahweh; neither be dismayed, Israel: for, behold, I will save you from afar, and your seed from the land of their captivity; and Jacob shall return, and shall be quiet and at ease, and none shall make him afraid."
19679,Jeremiah,24,30,11,"For I am with you, says Yahweh, to save you: for I will make a full end of all the nations where I have scattered you, but I will not make a full end of you; but I will correct you in measure, and will in no way leave you unpunished."
19685,Jeremiah,24,30,17,"For I will restore health to you, and I will heal you of your wounds, says Yahweh; because they have called you an outcast, [saying], It is Zion, whom no man seeks after."
19686,Jeremiah,24,30,18,"Thus says Yahweh: Behold, I will turn again the captivity of Jacob's tents, and have compassion on his dwelling places; and the city shall be built on its own hill, and the palace shall be inhabited in its own way."
19687,Jeremiah,24,30,19,"Out of them shall proceed thanksgiving and the voice of those who make merry: and I will multiply them, and they shall not be few; I will also glorify them, and they shall not be small."
19688,Jeremiah,24,30,20,"Their children also shall be as before, and their congregation shall be established before me; and I will punish all who oppress them."
19689,Jeremiah,24,30,21,"Their prince shall be of themselves, and their ruler shall proceed from the midst of them; and I will cause him to draw near, and he shall approach to me: for who is he who has had boldness to approach to me? says Yahweh."
19690,Jeremiah,24,30,22,"You shall be my people, and I will be your God."
19692,Jeremiah,24,30,24,"The fierce anger of Yahweh will not return, until he has executed, and until he has performed the intentions of his heart. In the latter days you will understand it."
19700,Jeremiah,24,31,8,"Behold, I will bring them from the north country, and gather them from the uttermost parts of the earth, [and] with them the blind and the lame, the woman with child and her who travails with child together: a great company shall they return here."
19701,Jeremiah,24,31,9,"They shall come with weeping; and with petitions will I lead them: I will cause them to walk by rivers of waters, in a straight way in which they shall not stumble; for I am a father to Israel, and Ephraim is my firstborn."
19705,Jeremiah,24,31,13,"Then shall the virgin rejoice in the dance, and the young men and the old together; for I will turn their mourning into joy, and will comfort them, and make them rejoice from their sorrow."
19706,Jeremiah,24,31,14,"I will satiate the soul of the priests with fatness, and my people shall be satisfied with my goodness, says Yahweh."
19712,Jeremiah,24,31,20,"Is Ephraim my dear son? is he a darling child? for as often as I speak against him, I do earnestly remember him still: therefore my heart yearns for him; I will surely have mercy on him, says Yahweh."
19719,Jeremiah,24,31,27,"Behold, the days come, says Yahweh, that I will sow the house of Israel and the house of Judah with the seed of man, and with the seed of animal."
19723,Jeremiah,24,31,31,"Behold, the days come, says Yahweh, that I will make a new covenant with the house of Israel, and with the house of Judah:"
19725,Jeremiah,24,31,33,"But this is the covenant that I will make with the house of Israel after those days, says Yahweh: I will put my law in their inward parts, and in their heart will I write it; and I will be their God, and they shall be my people:"
19726,Jeremiah,24,31,34,"and they shall teach no more every man his neighbor, and every man his brother, saying, Know Yahweh; for they shall all know me, from the least of them to the greatest of them, says Yahweh: for I will forgive their iniquity, and their sin will I remember no more."
19735,Jeremiah,24,32,3,"For Zedekiah king of Judah had shut him up, saying, Why do you prophesy, and say, Thus says Yahweh, Behold, I will give this city into the hand of the king of Babylon, and he shall take it;"
19759,Jeremiah,24,32,27,"Behold, I am Yahweh, the God of all flesh: is there anything too hard for me?"
19760,Jeremiah,24,32,28,"Therefore thus says Yahweh: Behold, I will give this city into the hand of the Chaldeans, and into the hand of Nebuchadnezzar king of Babylon, and he shall take it:"
19769,Jeremiah,24,32,37,"Behold, I will gather them out of all the countries, where I have driven them in my anger, and in my wrath, and in great indignation; and I will bring them again to this place, and I will cause them to dwell safely:"
19770,Jeremiah,24,32,38,"and they shall be my people, and I will be their God:"
19771,Jeremiah,24,32,39,"and I will give them one heart and one way, that they may fear me forever, for the good of them, and of their children after them:"
19772,Jeremiah,24,32,40,"and I will make an everlasting covenant with them, that I will not turn away from following them, to do them good; and I will put my fear in their hearts, that they may not depart from me."
19773,Jeremiah,24,32,41,"Yes, I will rejoice over them to do them good, and I will plant them in this land assuredly with my whole heart and with my whole soul."
19776,Jeremiah,24,32,44,"Men shall buy fields for money, and subscribe the deeds, and seal them, and call witnesses, in the land of Benjamin, and in the places about Jerusalem, and in the cities of Judah, and in the cities of the hill country, and in the cities of the lowland, and in the cities of the South: for I will cause their captivity to return, says Yahweh."
19779,Jeremiah,24,33,3,"Call to me, and I will answer you, and will show you great things, and difficult, which you don't know."
19782,Jeremiah,24,33,6,"Behold, I will bring it health and cure, and I will cure them; and I will reveal to them abundance of peace and truth."
19783,Jeremiah,24,33,7,"I will cause the captivity of Judah and the captivity of Israel to return, and will build them, as at the first."
19784,Jeremiah,24,33,8,"I will cleanse them from all their iniquity, by which they have sinned against me; and I will pardon all their iniquities, by which they have sinned against me, and by which they have transgressed against me."
19787,Jeremiah,24,33,11,"the voice of joy and the voice of gladness, the voice of the bridegroom and the voice of the bride, the voice of those who say, Give thanks to Yahweh of Armies, for Yahweh is good, for his loving kindness endures forever; [and of them] who bring [sacrifices of] thanksgiving into the house of Yahweh. For I will cause the captivity of the land to return as at the first, says Yahweh."
19790,Jeremiah,24,33,14,"Behold, the days come, says Yahweh, that I will perform that good word which I have spoken concerning the house of Israel and concerning the house of Judah."
19802,Jeremiah,24,33,26,"then will I also cast away the seed of Jacob, and of David my servant, so that I will not take of his seed to be rulers over the seed of Abraham, Isaac, and Jacob: for I will cause their captivity to return, and will have mercy on them."
19804,Jeremiah,24,34,2,"Thus says Yahweh, the God of Israel, Go, and speak to Zedekiah king of Judah, and tell him, Thus says Yahweh, Behold, I will give this city into the hand of the king of Babylon, and he shall burn it with fire:"
19819,Jeremiah,24,34,17,"Therefore thus says Yahweh: you have not listened to me, to proclaim liberty, every man to his brother, and every man to his neighbor: behold, I proclaim to you a liberty, says Yahweh, to the sword, to the pestilence, and to the famine; and I will make you to be tossed back and forth among all the kingdoms of the earth."
19820,Jeremiah,24,34,18,"I will give the men who have transgressed my covenant, who have not performed the words of the covenant which they made before me, when they cut the calf in two and passed between its parts;"
19822,Jeremiah,24,34,20,"I will even give them into the hand of their enemies, and into the hand of those who seek their life; and their dead bodies shall be for food to the birds of the sky, and to the animals of the earth."
19824,Jeremiah,24,34,22,"Behold, I will command, says Yahweh, and cause them to return to this city; and they shall fight against it, and take it, and burn it with fire: and I will make the cities of Judah a desolation, without inhabitant."
19841,Jeremiah,24,35,17,"therefore thus says Yahweh, the God of Armies, the God of Israel: Behold, I will bring on Judah and on all the inhabitants of Jerusalem all the evil that I have pronounced against them; because I have spoken to them, but they have not heard; and I have called to them, but they have not answered."
19874,Jeremiah,24,36,31,"I will punish him and his seed and his servants for their iniquity; and I will bring on them, and on the inhabitants of Jerusalem, and on the men of Judah, all the evil that I have pronounced against them, but they didn't listen."
19910,Jeremiah,24,38,14,"Then Zedekiah the king sent, and took Jeremiah the prophet to him into the third entry that is in the house of Yahweh: and the king said to Jeremiah, I will ask you something. Hide nothing from me."
19912,Jeremiah,24,38,16,"So Zedekiah the king swore secretly to Jeremiah, saying, As Yahweh lives, who made us this soul, I will not put you to death, neither will I give you into the hand of these men who seek your life."
19940,Jeremiah,24,39,16,"Go, and speak to Ebedmelech the Ethiopian, saying, Thus says Yahweh of Armies, the God of Israel: Behold, I will bring my words on this city for evil, and not for good; and they shall be accomplished before you in that day."
19941,Jeremiah,24,39,17,"But I will deliver you in that day, says Yahweh; and you shall not be given into the hand of the men of whom you are afraid."
19942,Jeremiah,24,39,18,"For I will surely save you, and you shall not fall by the sword, but your life shall be for a prey to you; because you have put your trust in me, says Yahweh."
19946,Jeremiah,24,40,4,"Now, behold, I release you this day from the chains which are on your hand. If it seems good to you to come with me into Babylon, come, and I will take care of you; but if it seems bad to you to come with me into Babylon, don't: behold, all the land is before you; where it seems good and right to you to go, there go."
19951,Jeremiah,24,40,9,"Gedaliah the son of Ahikam the son of Shaphan swore to them and to their men, saying, Don't be afraid to serve the Chaldeans: dwell in the land, and serve the king of Babylon, and it shall be well with you."
19952,Jeremiah,24,40,10,"As for me, behold, I will dwell at Mizpah, to stand before the Chaldeans who shall come to us: but you, gather wine and summer fruits and oil, and put them in your vessels, and dwell in your cities that you have taken."
19957,Jeremiah,24,40,15,"Then Johanan the son of Kareah spoke to Gedaliah in Mizpah secretly, saying, Please let me go, and I will kill Ishmael the son of Nethaniah, and no man shall know it: why should he take your life, that all the Jews who are gathered to you should be scattered, and the remnant of Judah perish?"
19980,Jeremiah,24,42,4,"Then Jeremiah the prophet said to them, I have heard you; behold, I will pray to Yahweh your God according to your words; and it shall happen that whatever thing Yahweh shall answer you, I will declare it to you; I will keep nothing back from you."
19986,Jeremiah,24,42,10,"If you will still live in this land, then will I build you, and not pull you down, and I will plant you, and not pluck you up; for I grieve over the distress that I have brought on you."
19987,Jeremiah,24,42,11,"Don't be afraid of the king of Babylon, of whom you are afraid; don't be afraid of him, says Yahweh: for I am with you to save you, and to deliver you from his hand."
19988,Jeremiah,24,42,12,"I will grant you mercy, that he may have mercy on you, and cause you to return to your own land."
19993,Jeremiah,24,42,17,"So shall it be with all the men who set their faces to go into Egypt to live there: they shall die by the sword, by the famine, and by the pestilence; and none of them shall remain or escape from the evil that I will bring on them."
20008,Jeremiah,24,43,10,"and tell them, Thus says Yahweh of Armies, the God of Israel: Behold, I will send and take Nebuchadnezzar the king of Babylon, my servant, and will set his throne on these stones that I have hidden; and he shall spread his royal pavilion over them."
20010,Jeremiah,24,43,12,"I will kindle a fire in the houses of the gods of Egypt; and he shall burn them, and carry them away captive: and he shall array himself with the land of Egypt, as a shepherd puts on his garment; and he shall go forth from there in peace."
20022,Jeremiah,24,44,11,"Therefore thus says Yahweh of Armies, the God of Israel: Behold, I will set my face against you for evil, even to cut off all Judah."
20023,Jeremiah,24,44,12,"I will take the remnant of Judah, that have set their faces to go into the land of Egypt to live there, and they shall all be consumed; in the land of Egypt shall they fall; they shall be consumed by the sword and by the famine; they shall die, from the least even to the greatest, by the sword and by the famine; and they shall be an object of horror, [and] an astonishment, and a curse, and a reproach."
20024,Jeremiah,24,44,13,"For I will punish those who dwell in the land of Egypt, as I have punished Jerusalem, by the sword, by the famine, and by the pestilence;"
20040,Jeremiah,24,44,29,"This shall be the sign to you, says Yahweh, that I will punish you in this place, that you may know that my words shall surely stand against you for evil:"
20041,Jeremiah,24,44,30,"Thus says Yahweh, Behold, I will give Pharaoh Hophra king of Egypt into the hand of his enemies, and into the hand of those who seek his life; as I gave Zedekiah king of Judah into the hand of Nebuchadnezzar king of Babylon, who was his enemy, and sought his life."
20045,Jeremiah,24,45,4,"You shall tell him, Thus says Yahweh: Behold, that which I have built will I break down, and that which I have planted I will pluck up; and this in the whole land."
20046,Jeremiah,24,45,5,"Do you seek great things for yourself? Don't seek them; for, behold, I will bring evil on all flesh, says Yahweh; but your life will I give to you for a prey in all places where you go."
20054,Jeremiah,24,46,8,"Egypt rises up like the Nile, and his waters toss themselves like the rivers: and he says, I will rise up, I will cover the earth; I will destroy cities and its inhabitants."
20071,Jeremiah,24,46,25,"Yahweh of Armies, the God of Israel, says: Behold, I will punish Amon of No, and Pharaoh, and Egypt, with her gods, and her kings; even Pharaoh, and those who trust in him:"
20072,Jeremiah,24,46,26,"and I will deliver them into the hand of those who seek their lives, and into the hand of Nebuchadnezzar king of Babylon, and into the hand of his servants; and afterwards it shall be inhabited, as in the days of old, says Yahweh."
20073,Jeremiah,24,46,27,"But don't you be afraid, Jacob my servant, neither be dismayed, Israel: for, behold, I will save you from afar, and your seed from the land of their captivity; and Jacob shall return, and shall be quiet and at ease, and none shall make him afraid."
20074,Jeremiah,24,46,28,"Don't you be afraid, O Jacob my servant, says Yahweh; for I am with you: for I will make a full end of all the nations where I have driven you; but I will not make a full end of you, but I will correct you in measure, and will in no way leave you unpunished."
20078,Jeremiah,24,47,4,"because of the day that comes to destroy all the Philistines, to cut off from Tyre and Sidon every helper who remains: for Yahweh will destroy the Philistines, the remnant of the isle of Caphtor."
20093,Jeremiah,24,48,12,"Therefore, behold, the days come, says Yahweh, that I will send to him those who pour off, and they shall pour him off; and they shall empty his vessels, and break their bottles in pieces."
20112,Jeremiah,24,48,31,"Therefore will I wail for Moab; yes, I will cry out for all Moab: for the men of Kir Heres shall they mourn."
20116,Jeremiah,24,48,35,"Moreover I will cause to cease in Moab, says Yahweh, him who offers in the high place, and him who burns incense to his gods."
20125,Jeremiah,24,48,44,"He who flees from the fear shall fall into the pit; and he who gets up out of the pit shall be taken in the snare: for I will bring on him, even on Moab, the year of their visitation, says Yahweh."
20130,Jeremiah,24,49,2,"Therefore, behold, the days come, says Yahweh, that I will cause an alarm of war to be heard against Rabbah of the children of Ammon; and it shall become a desolate heap, and her daughters shall be burned with fire: then shall Israel possess those who did possess him, says Yahweh."
20133,Jeremiah,24,49,5,"Behold, I will bring a fear on you, says the Lord, Yahweh of Armies, from all who are around you; and you shall be driven out every man right forth, and there shall be none to gather together the fugitives."
20134,Jeremiah,24,49,6,"But afterward I will bring back the captivity of the children of Ammon, says Yahweh."
20136,Jeremiah,24,49,8,"Flee, turn back, dwell in the depths, inhabitants of Dedan; for I will bring the calamity of Esau on him, the time that I shall visit him."
20139,Jeremiah,24,49,11,"Leave your fatherless children, I will preserve them alive; and let your widows trust in me."
20144,Jeremiah,24,49,16,"As for your terror, the pride of your heart has deceived you, O you who dwell in the clefts of the rock, who hold the height of the hill: though you should make your nest as high as the eagle, I will bring you down from there, says Yahweh."
20147,Jeremiah,24,49,19,"Behold, he shall come up like a lion from the pride of the Jordan against the strong habitation: for I will suddenly make them run away from it; and whoever is chosen, him will I appoint over it: for who is like me? and who will appoint me a time? and who is the shepherd who will stand before me?"
20155,Jeremiah,24,49,27,"I will kindle a fire in the wall of Damascus, and it shall devour the palaces of Ben Hadad."
20160,Jeremiah,24,49,32,"Their camels shall be a booty, and the multitude of their livestock a spoil: and I will scatter to all winds those who have the corners [of their hair] cut off; and I will bring their calamity from every side of them, says Yahweh."
20163,Jeremiah,24,49,35,"Thus says Yahweh of Armies: Behold, I will break the bow of Elam, the chief of their might."
20165,Jeremiah,24,49,37,"I will cause Elam to be dismayed before their enemies, and before those who seek their life; and I will bring evil on them, even my fierce anger, says Yahweh; and I will send the sword after them, until I have consumed them;"
20166,Jeremiah,24,49,38,"and I will set my throne in Elam, and will destroy from there king and princes, says Yahweh."
20167,Jeremiah,24,49,39,"But it shall happen in the latter days, that I will bring back the captivity of Elam, says Yahweh."
20176,Jeremiah,24,50,9,"For, behold, I will stir up and cause to come up against Babylon a company of great nations from the north country; and they shall set themselves in array against her; from there she shall be taken: their arrows shall be as of an expert mighty man; none shall return in vain."
20185,Jeremiah,24,50,18,"Therefore thus says Yahweh of Armies, the God of Israel: Behold, I will punish the king of Babylon and his land, as I have punished the king of Assyria."
20186,Jeremiah,24,50,19,"I will bring Israel again to his pasture, and he shall feed on Carmel and Bashan, and his soul shall be satisfied on the hills of Ephraim and in Gilead."
20187,Jeremiah,24,50,20,"In those days, and in that time, says Yahweh, the iniquity of Israel shall be sought for, and there shall be none; and the sins of Judah, and they shall not be found: for I will pardon them whom I leave as a remnant."
20198,Jeremiah,24,50,31,"Behold, I am against you, you proud one, says the Lord, Yahweh of Armies; for your day has come, the time that I will visit you."
20199,Jeremiah,24,50,32,"The proud one shall stumble and fall, and none shall raise him up; and I will kindle a fire in his cities, and it shall devour all who are around him."
20211,Jeremiah,24,50,44,"Behold, [the enemy] shall come up like a lion from the pride of the Jordan against the strong habitation: for I will suddenly make them run away from it; and whoever is chosen, him will I appoint over it: for who is like me? and who will appoint me a time? and who is the shepherd who can stand before me?"
20214,Jeremiah,24,51,1,"Thus says Yahweh: Behold, I will raise up against Babylon, and against those who dwell in Lebkamai, a destroying wind."
20215,Jeremiah,24,51,2,"I will send to Babylon strangers, who shall winnow her; and they shall empty her land: for in the day of trouble they shall be against her around."
20227,Jeremiah,24,51,14,"Yahweh of Armies has sworn by himself, [saying], Surely I will fill you with men, as with the canker worm; and they shall lift up a shout against you."
20237,Jeremiah,24,51,24,"I will render to Babylon and to all the inhabitants of Chaldea all their evil that they have done in Zion in your sight, says Yahweh."
20238,Jeremiah,24,51,25,"Behold, I am against you, destroying mountain, says Yahweh, which destroys all the earth; and I will stretch out my hand on you, and roll you down from the rocks, and will make you a burnt mountain."
20249,Jeremiah,24,51,36,"Therefore thus says Yahweh: Behold, I will plead your cause, and take vengeance for you; and I will dry up her sea, and make her fountain dry."
20252,Jeremiah,24,51,39,"When they are heated, I will make their feast, and I will make them drunken, that they may rejoice, and sleep a perpetual sleep, and not wake, says Yahweh."
20253,Jeremiah,24,51,40,"I will bring them down like lambs to the slaughter, like rams with male goats."
20257,Jeremiah,24,51,44,"I will execute judgment on Bel in Babylon, and I will bring forth out of his mouth that which he has swallowed up; and the nations shall not flow any more to him: yes, the wall of Babylon shall fall."
20260,Jeremiah,24,51,47,"Therefore, behold, the days come, that I will execute judgment on the engraved images of Babylon; and her whole land shall be confounded; and all her slain shall fall in the midst of her."
20265,Jeremiah,24,51,52,"Therefore, behold, the days come, says Yahweh, that I will execute judgment on her engraved images; and through all her land the wounded shall groan."
20270,Jeremiah,24,51,57,"I will make drunk her princes and her wise men, her governors and her deputies, and her mighty men; and they shall sleep a perpetual sleep, and not wake up, says the King, whose name is Yahweh of Armies."
20277,Jeremiah,24,51,64,"and you shall say, Thus shall Babylon sink, and shall not rise again because of the evil that I will bring on her; and they shall be weary. Thus far are the words of Jeremiah."
20386,Lamentations,25,3,31,For the Lord will not cast off forever.
20412,Lamentations,25,3,57,"You drew near in the day that I called on you; you said, Don't be afraid."
20494,Ezekiel,26,2,1,"He said to me, Son of man, stand on your feet, and I will speak with you."
20497,Ezekiel,26,2,4,"The children are impudent and stiff-hearted: I am sending you to them; and you shall tell them, Thus says the Lord Yahweh."
20499,Ezekiel,26,2,6,"You, son of man, don't be afraid of them, neither be afraid of their words, though briers and thorns are with you, and you do dwell among scorpions: don't be afraid of their words, nor be dismayed at their looks, though they are a rebellious house."
20512,Ezekiel,26,3,9,"As an adamant harder than flint have I made your forehead: don't be afraid of them, neither be dismayed at their looks, though they are a rebellious house."
20514,Ezekiel,26,3,11,"Go to them of the captivity, to the children of your people, and speak to them, and tell them, Thus says the Lord Yahweh; whether they will hear, or whether they will forbear."
20525,Ezekiel,26,3,22,"The hand of Yahweh was there on me; and he said to me, Arise, go forth into the plain, and I will there talk with you."
20529,Ezekiel,26,3,26,"and I will make your tongue stick to the roof of your mouth, that you shall be mute, and shall not be to them a reprover; for they are a rebellious house."
20530,Ezekiel,26,3,27,"But when I speak with you, I will open your mouth, and you shall tell them, Thus says the Lord Yahweh: He who hears, let him hear; and he who forbears, let him forbear: for they are a rebellious house."
20543,Ezekiel,26,4,13,"Yahweh said, Even thus shall the children of Israel eat their bread unclean, among the nations where I will drive them."
20546,Ezekiel,26,4,16,"Moreover he said to me, Son of man, behold, I will break the staff of bread in Jerusalem: and they shall eat bread by weight, and with fearfulness; and they shall drink water by measure, and in dismay:"
20549,Ezekiel,26,5,2,"A third part you shall burn in the fire in the midst of the city, when the days of the siege are fulfilled; and you shall take a third part, and strike with the sword around it; and a third part you shall scatter to the wind, and I will draw out a sword after them."
20552,Ezekiel,26,5,5,"Thus says the Lord Yahweh: This is Jerusalem; I have set her in the midst of the nations, and countries are around her."
20554,Ezekiel,26,5,7,"Therefore thus says the Lord Yahweh: Because you are turbulent more than the nations that are around you, and have not walked in my statutes, neither have kept my ordinances, neither have done after the ordinances of the nations that are around you;"
20555,Ezekiel,26,5,8,"therefore thus says the Lord Yahweh: Behold, I, even I, am against you; and I will execute judgments in the midst of you in the sight of the nations."
20556,Ezekiel,26,5,9,"I will do in you that which I have not done, and whereunto I will not do any more the like, because of all your abominations."
20557,Ezekiel,26,5,10,"Therefore the fathers shall eat the sons in the midst of you, and the sons shall eat their fathers; and I will execute judgments on you; and the whole remnant of you will I scatter to all the winds."
20558,Ezekiel,26,5,11,"Therefore, as I live, says the Lord Yahweh, surely, because you have defiled my sanctuary with all your detestable things, and with all your abominations, therefore will I also diminish [you]; neither shall my eye spare, and I also will have no pity."
20559,Ezekiel,26,5,12,"A third part of you shall die with the pestilence, and with famine shall they be consumed in the midst of you; and a third part shall fall by the sword around you; and a third part I will scatter to all the winds, and will draw out a sword after them."
20560,Ezekiel,26,5,13,"Thus shall my anger be accomplished, and I will cause my wrath toward them to rest, and I shall be comforted; and they shall know that I, Yahweh, have spoken in my zeal, when I have accomplished my wrath on them."
20561,Ezekiel,26,5,14,"Moreover I will make you a desolation and a reproach among the nations that are around you, in the sight of all that pass by."
20563,Ezekiel,26,5,16,"when I shall send on them the evil arrows of famine, that are for destruction, which I will send to destroy you: and I will increase the famine on you, and will break your staff of bread;"
20564,Ezekiel,26,5,17,"and I will send on you famine and evil animals, and they shall bereave you; and pestilence and blood shall pass through you; and I will bring the sword on you: I, Yahweh, have spoken it."
20567,Ezekiel,26,6,3,"and say, You mountains of Israel, hear the word of the Lord Yahweh: Thus says the Lord Yahweh to the mountains and to the hills, to the watercourses and to the valleys: Behold, I, even I, will bring a sword on you, and I will destroy your high places."
20568,Ezekiel,26,6,4,"Your altars shall become desolate, and your incense altars shall be broken; and I will cast down your slain men before your idols."
20569,Ezekiel,26,6,5,I will lay the dead bodies of the children of Israel before their idols; and I will scatter your bones around your altars.
20571,Ezekiel,26,6,7,"The slain shall fall in the midst of you, and you shall know that I am Yahweh."
20574,Ezekiel,26,6,10,They shall know that I am Yahweh: I have not said in vain that I would do this evil to them.
20575,Ezekiel,26,6,11,"Thus says the Lord Yahweh: Strike with your hand, and stamp with your foot, and say, Alas! because of all the evil abominations of the house of Israel; for they shall fall by the sword, by the famine, and by the pestilence."
20577,Ezekiel,26,6,13,"You shall know that I am Yahweh, when their slain men shall be among their idols around their altars, on every high hill, on all the tops of the mountains, and under every green tree, and under every thick oak, the places where they offered pleasant aroma to all their idols."
20578,Ezekiel,26,6,14,"I will stretch out my hand on them, and make the land desolate and waste, from the wilderness toward Diblah, throughout all their habitations: and they shall know that I am Yahweh."
20580,Ezekiel,26,7,2,"You, son of man, thus says the Lord Yahweh to the land of Israel, An end: the end is come on the four corners of the land."
20581,Ezekiel,26,7,3,"Now is the end on you, and I will send my anger on you, and will judge you according to your ways; and I will bring on you all your abominations."
20582,Ezekiel,26,7,4,"My eye shall not spare you, neither will I have pity; but I will bring your ways on you, and your abominations shall be in the midst of you: and you shall know that I am Yahweh."
20583,Ezekiel,26,7,5,"Thus says the Lord Yahweh: An evil, an only evil; behold, it comes."
20586,Ezekiel,26,7,8,"Now will I shortly pour out my wrath on you, and accomplish my anger against you, and will judge you according to your ways; and I will bring on you all your abominations."
20587,Ezekiel,26,7,9,"My eye shall not spare, neither will I have pity: I will bring on you according to your ways; and your abominations shall be in the midst of you; and you shall know that I, Yahweh, do strike."
20599,Ezekiel,26,7,21,"I will give it into the hands of the strangers for a prey, and to the wicked of the earth for a spoil; and they shall profane it."
20602,Ezekiel,26,7,24,"Therefore I will bring the worst of the nations, and they shall possess their houses: I will also make the pride of the strong to cease; and their holy places shall be profaned."
20605,Ezekiel,26,7,27,"The king shall mourn, and the prince shall be clothed with desolation, and the hands of the people of the land shall be troubled: I will do to them after their way, and according to their own judgments will I judge them; and they shall know that I am Yahweh."
20633,Ezekiel,26,9,10,"As for me also, my eye shall not spare, neither will I have pity, but I will bring their way on their head."
20663,Ezekiel,26,11,7,"Therefore thus says the Lord Yahweh: Your slain whom you have laid in its midst, they are the flesh, and this [city] is the caldron; but you shall be brought forth out of its midst."
20664,Ezekiel,26,11,8,"You have feared the sword; and I will bring the sword on you, says the Lord Yahweh."
20665,Ezekiel,26,11,9,"I will bring you forth out of its midst, and deliver you into the hands of strangers, and will execute judgments among you."
20666,Ezekiel,26,11,10,You shall fall by the sword; I will judge you in the border of Israel; and you shall know that I am Yahweh.
20667,Ezekiel,26,11,11,"This [city] shall not be your caldron, neither shall you be the flesh in its midst; I will judge you in the border of Israel;"
20668,Ezekiel,26,11,12,"and you shall know that I am Yahweh: for you have not walked in my statutes, neither have you executed my ordinances, but have done after the ordinances of the nations that are around you."
20672,Ezekiel,26,11,16,"Therefore say, Thus says the Lord Yahweh: Whereas I have removed them far off among the nations, and whereas I have scattered them among the countries, yet will I be to them a sanctuary for a little while in the countries where they are come."
20673,Ezekiel,26,11,17,"Therefore say, Thus says the Lord Yahweh: I will gather you from the peoples, and assemble you out of the countries where you have been scattered, and I will give you the land of Israel."
20675,Ezekiel,26,11,19,"I will give them one heart, and I will put a new spirit within you; and I will take the stony heart out of their flesh, and will give them a heart of flesh;"
20676,Ezekiel,26,11,20,"that they may walk in my statutes, and keep my ordinances, and do them: and they shall be my people, and I will be their God."
20677,Ezekiel,26,11,21,"But as for them whose heart walks after the heart of their detestable things and their abominations, I will bring their way on their own heads, says the Lord Yahweh."
20691,Ezekiel,26,12,10,"Say to them, Thus says the Lord Yahweh: This burden [concerns] the prince in Jerusalem, and all the house of Israel among whom they are."
20694,Ezekiel,26,12,13,"My net also will I spread on him, and he shall be taken in my snare; and I will bring him to Babylon to the land of the Chaldeans; yet shall he not see it, though he shall die there."
20695,Ezekiel,26,12,14,"I will scatter toward every wind all who are around him to help him, and all his bands; and I will draw out the sword after them."
20696,Ezekiel,26,12,15,"They shall know that I am Yahweh, when I shall disperse them among the nations, and scatter them through the countries."
20697,Ezekiel,26,12,16,"But I will leave a few men of them from the sword, from the famine, and from the pestilence; that they may declare all their abominations among the nations where they come; and they shall know that I am Yahweh."
20700,Ezekiel,26,12,19,"and tell the people of the land, Thus says the Lord Yahweh concerning the inhabitants of Jerusalem, and the land of Israel: They shall eat their bread with fearfulness, and drink their water in dismay, that her land may be desolate, [and despoiled] of all that is therein, because of the violence of all those who dwell therein."
20701,Ezekiel,26,12,20,"The cities that are inhabited shall be laid waste, and the land shall be a desolation; and you shall know that I am Yahweh."
20704,Ezekiel,26,12,23,"Tell them therefore, Thus says the Lord Yahweh: I will make this proverb to cease, and they shall no more use it as a proverb in Israel; but tell them, The days are at hand, and the fulfillment of every vision."
20706,Ezekiel,26,12,25,"For I am Yahweh; I will speak, and the word that I shall speak shall be performed; it shall be no more deferred: for in your days, rebellious house, will I speak the word, and will perform it, says the Lord Yahweh."
20709,Ezekiel,26,12,28,"Therefore tell them, Thus says the Lord Yahweh: None of my words shall be deferred any more, but the word which I shall speak shall be performed, says the Lord Yahweh."
20712,Ezekiel,26,13,3,"Thus says the Lord Yahweh, Woe to the foolish prophets, who follow their own spirit, and have seen nothing!"
20717,Ezekiel,26,13,8,"Therefore thus says the Lord Yahweh: Because you have spoken falsehood, and seen lies, therefore, behold, I am against you, says the Lord Yahweh."
20718,Ezekiel,26,13,9,"My hand shall be against the prophets who see false visions, and who divine lies: they shall not be in the council of my people, neither shall they be written in the writing of the house of Israel, neither shall they enter into the land of Israel; and you shall know that I am the Lord Yahweh."
20722,Ezekiel,26,13,13,"Therefore thus says the Lord Yahweh: I will even tear it with a stormy wind in my wrath; and there shall be an overflowing shower in my anger, and great hailstones in wrath to consume it."
20723,Ezekiel,26,13,14,"So will I break down the wall that you have plastered with whitewash, and bring it down to the ground, so that its foundation shall be uncovered; and it shall fall, and you shall be consumed in its midst: and you shall know that I am Yahweh."
20724,Ezekiel,26,13,15,"Thus will I accomplish my wrath on the wall, and on those who have plastered it with whitewash; and I will tell you, The wall is no more, neither those who plastered it;"
20725,Ezekiel,26,13,16,"[to wit], the prophets of Israel who prophesy concerning Jerusalem, and who see visions of peace for her, and there is no peace, says the Lord Yahweh."
20727,Ezekiel,26,13,18,"and say, Thus says the Lord Yahweh: Woe to the women who sew pillows on all elbows, and make kerchiefs for the head of [persons of] every stature to hunt souls! Will you hunt the souls of my people, and save souls alive for yourselves?"
20729,Ezekiel,26,13,20,"Therefore thus says the Lord Yahweh: Behold, I am against your pillows, with which you there hunt the souls to make [them] fly, and I will tear them from your arms; and I will let the souls go, even the souls whom you hunt to make [them] fly."
20730,Ezekiel,26,13,21,"Your kerchiefs also will I tear, and deliver my people out of your hand, and they shall be no more in your hand to be hunted; and you shall know that I am Yahweh."
20732,Ezekiel,26,13,23,"Therefore you shall no more see false visions, nor practice divination. I will deliver my people out of your hand; and you shall know that I am Yahweh."
20736,Ezekiel,26,14,4,"Therefore speak to them, and tell them, Thus says the Lord Yahweh: Every man of the house of Israel who takes his idols into his heart, and puts the stumbling block of his iniquity before his face, and comes to the prophet; I Yahweh will answer him therein according to the multitude of his idols;"
20738,Ezekiel,26,14,6,"Therefore tell the house of Israel, Thus says the Lord Yahweh: Return, and turn yourselves from your idols; and turn away your faces from all your abominations."
20739,Ezekiel,26,14,7,"For everyone of the house of Israel, or of the strangers who live in Israel, who separates himself from me, and takes his idols into his heart, and puts the stumbling block of his iniquity before his face, and comes to the prophet to inquire for himself of me; I Yahweh will answer him by myself:"
20740,Ezekiel,26,14,8,"and I will set my face against that man, and will make him an astonishment, for a sign and a proverb, and I will cut him off from the midst of my people; and you shall know that I am Yahweh."
20741,Ezekiel,26,14,9,"If the prophet is deceived and speak a word, I, Yahweh, have deceived that prophet, and I will stretch out my hand on him, and will destroy him from the midst of my people Israel."
20743,Ezekiel,26,14,11,"that the house of Israel may go no more astray from me, neither defile themselves any more with all their transgressions; but that they may be my people, and I may be their God, says the Lord Yahweh."
20746,Ezekiel,26,14,14,"though these three men, Noah, Daniel, and Job, were in it, they should deliver but their own souls by their righteousness, says the Lord Yahweh."
20748,Ezekiel,26,14,16,"though these three men were in it, as I live, says the Lord Yahweh, they should deliver neither sons nor daughters; they only should be delivered, but the land should be desolate."
20750,Ezekiel,26,14,18,"though these three men were in it, as I live, says the Lord Yahweh, they should deliver neither sons nor daughters, but they only should be delivered themselves."
20752,Ezekiel,26,14,20,"though Noah, Daniel, and Job, were in it, as I live, says the Lord Yahweh, they should deliver neither son nor daughter; they should but deliver their own souls by their righteousness."
20753,Ezekiel,26,14,21,"For thus says the Lord Yahweh: How much more when I send my four severe judgments on Jerusalem, the sword, and the famine, and the evil animals, and the pestilence, to cut off from it man and animal!"
20755,Ezekiel,26,14,23,"They shall comfort you, when you see their way and their doings; and you shall know that I have not done without cause all that I have done in it, says the Lord Yahweh."
20761,Ezekiel,26,15,6,"Therefore thus says the Lord Yahweh: As the vine tree among the trees of the forest, which I have given to the fire for fuel, so will I give the inhabitants of Jerusalem."
20762,Ezekiel,26,15,7,"I will set my face against them; they shall go forth from the fire, but the fire shall devour them; and you shall know that I am Yahweh, when I set my face against them."
20763,Ezekiel,26,15,8,"I will make the land desolate, because they have committed a trespass, says the Lord Yahweh."
20766,Ezekiel,26,16,3,"and say, Thus says the Lord Yahweh to Jerusalem: Your birth and your birth is of the land of the Canaanite; the Amorite was your father, and your mother was a Hittite."
20771,Ezekiel,26,16,8,"Now when I passed by you, and looked at you, behold, your time was the time of love; and I spread my skirt over you, and covered your nakedness: yes, I swore to you, and entered into a covenant with you, says the Lord Yahweh, and you became mine."
20777,Ezekiel,26,16,14,"Your renown went forth among the nations for your beauty; for it was perfect, through my majesty which I had put on you, says the Lord Yahweh."
20782,Ezekiel,26,16,19,"My bread also which I gave you, fine flour, and oil, and honey, with which I fed you, you even set it before them for a pleasant aroma; and [thus] it was, says the Lord Yahweh."
20786,Ezekiel,26,16,23,"It has happened after all your wickedness, (woe, woe to you! says the Lord Yahweh),"
20793,Ezekiel,26,16,30,"How weak is your heart, says the Lord Yahweh, since you do all these things, the work of an impudent prostitute;"
20799,Ezekiel,26,16,36,"Thus says the Lord Yahweh, Because your filthiness was poured out, and your nakedness uncovered through your prostitution with your lovers; and because of all the idols of your abominations, and for the blood of your children, that you gave to them;"
20800,Ezekiel,26,16,37,"therefore see, I will gather all your lovers, with whom you have taken pleasure, and all those who you have loved, with all those who you have hated; I will even gather them against you on every side, and will uncover your nakedness to them, that they may see all your nakedness."
20801,Ezekiel,26,16,38,"I will judge you, as women who break wedlock and shed blood are judged; and I will bring on you the blood of wrath and jealousy."
20802,Ezekiel,26,16,39,"I will also give you into their hand, and they shall throw down your vaulted place, and break down your lofty places; and they shall strip you of your clothes, and take your beautiful jewels; and they shall leave you naked and bare."
20804,Ezekiel,26,16,41,"They shall burn your houses with fire, and execute judgments on you in the sight of many women; and I will cause you to cease from playing the prostitute, and you shall also give no hire any more."
20805,Ezekiel,26,16,42,"So will I cause my wrath toward you to rest, and my jealousy shall depart from you, and I will be quiet, and will be no more angry."
20806,Ezekiel,26,16,43,"Because you have not remembered the days of your youth, but have raged against me in all these things; therefore, behold, I also will bring your way on your head, says the Lord Yahweh: and you shall not commit this lewdness with all your abominations."
20811,Ezekiel,26,16,48,"As I live, says the Lord Yahweh, Sodom your sister has not done, she nor her daughters, as you have done, you and your daughters."
20816,Ezekiel,26,16,53,"I will turn again their captivity, the captivity of Sodom and her daughters, and the captivity of Samaria and her daughters, and the captivity of your captives in the midst of them;"
20822,Ezekiel,26,16,59,"For thus says the Lord Yahweh: I will also deal with you as you have done, who have despised the oath in breaking the covenant."
20823,Ezekiel,26,16,60,"Nevertheless I will remember my covenant with you in the days of your youth, and I will establish to you an everlasting covenant."
20824,Ezekiel,26,16,61,"Then you shall remember your ways, and be ashamed, when you shall receive your sisters, your elder [sisters] and your younger; and I will give them to you for daughters, but not by your covenant."
20825,Ezekiel,26,16,62,I will establish my covenant with you; and you shall know that I am Yahweh;
20826,Ezekiel,26,16,63,"that you may remember, and be confounded, and never open your mouth any more, because of your shame, when I have forgiven you all that you have done, says the Lord Yahweh."
20829,Ezekiel,26,17,3,"and say, Thus says the Lord Yahweh: A great eagle with great wings and long feathers, full of feathers, which had various colors, came to Lebanon, and took the top of the cedar:"
20835,Ezekiel,26,17,9,"Say, Thus says the Lord Yahweh: Shall it prosper? shall he not pull up its roots, and cut off its fruit, that it may wither; that all its fresh springing leaves may wither? and not by a strong arm or many people can it be raised from its roots."
20842,Ezekiel,26,17,16,"As I live, says the Lord Yahweh, surely in the place where the king dwells who made him king, whose oath he despised, and whose covenant he broke, even with him in the midst of Babylon he shall die."
20845,Ezekiel,26,17,19,"Therefore thus says the Lord Yahweh: As I live, surely my oath that he has despised, and my covenant that he has broken, I will even bring it on his own head."
20846,Ezekiel,26,17,20,"I will spread my net on him, and he shall be taken in my snare, and I will bring him to Babylon, and will enter into judgment with him there for his trespass that he has trespassed against me."
20848,Ezekiel,26,17,22,"Thus says the Lord Yahweh: I will also take of the lofty top of the cedar, and will set it; I will crop off from the topmost of its young twigs a tender one, and I will plant it on a high and lofty mountain:"
20853,Ezekiel,26,18,3,"As I live, says the Lord Yahweh, you shall not have [occasion] any more to use this proverb in Israel."
20859,Ezekiel,26,18,9,"has walked in my statutes, and has kept my ordinances, to deal truly; he is just, he shall surely live, says the Lord Yahweh."
20873,Ezekiel,26,18,23,"Have I any pleasure in the death of the wicked? says the Lord Yahweh; and not rather that he should return from his way, and live?"
20880,Ezekiel,26,18,30,"Therefore I will judge you, house of Israel, everyone according to his ways, says the Lord Yahweh. Return, and turn yourselves from all your transgressions; so iniquity shall not be your ruin."
20882,Ezekiel,26,18,32,"For I have no pleasure in the death of him who dies, says the Lord Yahweh: therefore turn yourselves, and live."
20899,Ezekiel,26,20,3,"Son of man, speak to the elders of Israel, and tell them, Thus says the Lord Yahweh: Is it to inquire of me that you have come? As I live, says the Lord Yahweh, I will not be inquired of by you."
20901,Ezekiel,26,20,5,"and tell them, Thus says the Lord Yahweh: In the day when I chose Israel, and swore to the seed of the house of Jacob, and made myself known to them in the land of Egypt, when I swore to them, saying, I am Yahweh your God;"
20903,Ezekiel,26,20,7,"I said to them, Cast away every man the abominations of his eyes, and don't defile yourselves with the idols of Egypt; I am Yahweh your God."
20908,Ezekiel,26,20,12,"Moreover also I gave them my Sabbaths, to be a sign between me and them, that they might know that I am Yahweh who sanctifies them."
20915,Ezekiel,26,20,19,"I am Yahweh your God: walk in my statutes, and keep my ordinances, and do them;"
20916,Ezekiel,26,20,20,"and make my Sabbaths holy; and they shall be a sign between me and you, that you may know that I am Yahweh your God."
20922,Ezekiel,26,20,26,"and I polluted them in their own gifts, in that they caused to pass through [the fire] all that opens the womb, that I might make them desolate, to the end that they might know that I am Yahweh."
20923,Ezekiel,26,20,27,"Therefore, son of man, speak to the house of Israel, and tell them, Thus says the Lord Yahweh: In this moreover have your fathers blasphemed me, in that they have committed a trespass against me."
20926,Ezekiel,26,20,30,"Therefore tell the house of Israel, Thus says the Lord Yahweh: Do you pollute yourselves in the way of your fathers? and do you play the prostitute after their abominations?"
20927,Ezekiel,26,20,31,"and when you offer your gifts, when you make your sons to pass through the fire, do you pollute yourselves with all your idols to this day? and shall I be inquired of by you, house of Israel? As I live, says the Lord Yahweh, I will not be inquired of by you;"
20929,Ezekiel,26,20,33,"As I live, says the Lord Yahweh, surely with a mighty hand, and with an outstretched arm, and with wrath poured out, will I be king over you:"
20930,Ezekiel,26,20,34,"and I will bring you out from the peoples, and will gather you out of the countries in which you are scattered, with a mighty hand, and with an outstretched arm, and with wrath poured out;"
20931,Ezekiel,26,20,35,"and I will bring you into the wilderness of the peoples, and there will I enter into judgment with you face to face."
20932,Ezekiel,26,20,36,"Like as I entered into judgment with your fathers in the wilderness of the land of Egypt, so will I enter into judgment with you, says the Lord Yahweh."
20933,Ezekiel,26,20,37,"I will cause you to pass under the rod, and I will bring you into the bond of the covenant;"
20934,Ezekiel,26,20,38,"and I will purge out from among you the rebels, and those who disobey against me; I will bring them forth out of the land where they live, but they shall not enter into the land of Israel: and you shall know that I am Yahweh."
20935,Ezekiel,26,20,39,"As for you, house of Israel, thus says the Lord Yahweh: Go, serve everyone his idols, and hereafter also, if you will not listen to me; but my holy name you shall no more profane with your gifts, and with your idols."
20936,Ezekiel,26,20,40,"For in my holy mountain, in the mountain of the height of Israel, says the Lord Yahweh, there shall all the house of Israel, all of them, serve me in the land: there will I accept them, and there will I require your offerings, and the first fruits of your offerings, with all your holy things."
20937,Ezekiel,26,20,41,"As a pleasant aroma will I accept you, when I bring you out from the peoples, and gather you out of the countries in which you have been scattered; and I will be sanctified in you in the sight of the nations."
20938,Ezekiel,26,20,42,"You shall know that I am Yahweh, when I shall bring you into the land of Israel, into the country which I swore to give to your fathers."
20940,Ezekiel,26,20,44,"You shall know that I am Yahweh, when I have dealt with you for my name's sake, not according to your evil ways, nor according to your corrupt doings, you house of Israel, says the Lord Yahweh."
20943,Ezekiel,26,20,47,"and tell the forest of the South, Hear the word of Yahweh: Thus says the Lord Yahweh, Behold, I will kindle a fire in you, and it shall devour every green tree in you, and every dry tree: the flaming flame shall not be quenched, and all faces from the south to the north shall be burnt thereby."
20949,Ezekiel,26,21,4,"Seeing then that I will cut off from you the righteous and the wicked, therefore shall my sword go forth out of its sheath against all flesh from the south to the north:"
20952,Ezekiel,26,21,7,"It shall be, when they tell you, Why do you sigh? that you shall say, Because of the news, for it comes; and every heart shall melt, and all hands shall be feeble, and every spirit shall faint, and all knees shall be weak as water: behold, it comes, and it shall be done, says the Lord Yahweh."
20958,Ezekiel,26,21,13,For there is a trial; and what if even the rod that condemns shall be no more? says the Lord Yahweh.
20962,Ezekiel,26,21,17,"I will also strike my hands together, and I will cause my wrath to rest: I, Yahweh, have spoken it."
20969,Ezekiel,26,21,24,"Therefore thus says the Lord Yahweh: Because you have made your iniquity to be remembered, in that your transgressions are uncovered, so that in all your doings your sins appear; because you have come to memory, you shall be taken with the hand."
20971,Ezekiel,26,21,26,"thus says the Lord Yahweh: Remove the turban, and take off the crown; this [shall be] no more the same; exalt that which is low, and abase that which is high."
20972,Ezekiel,26,21,27,"I will overturn, overturn, overturn it: this also shall be no more, until he come whose right it is; and I will give it [him]."
20973,Ezekiel,26,21,28,"You, son of man, prophesy, and say, Thus says the Lord Yahweh concerning the children of Ammon, and concerning their reproach; and say, A sword, a sword is drawn, for the slaughter it is furbished, to cause it to devour, that it may be as lightning;"
20976,Ezekiel,26,21,31,"I will pour out my indignation on you; I will blow on you with the fire of my wrath; and I will deliver you into the hand of brutish men, skillful to destroy."
20980,Ezekiel,26,22,3,"You shall say, Thus says the Lord Yahweh: A city that sheds blood in the midst of her, that her time may come, and that makes idols against herself to defile her!"
20989,Ezekiel,26,22,12,"In you have they taken bribes to shed blood; you have taken interest and increase, and you have greedily gained of your neighbors by oppression, and have forgotten me, says the Lord Yahweh."
20992,Ezekiel,26,22,15,"I will scatter you among the nations, and disperse you through the countries; and I will consume your filthiness out of you."
20993,Ezekiel,26,22,16,"You shall be profaned in yourself, in the sight of the nations; and you shall know that I am Yahweh."
20996,Ezekiel,26,22,19,"Therefore thus says the Lord Yahweh: Because you have all become dross, therefore, behold, I will gather you into the midst of Jerusalem."
20997,Ezekiel,26,22,20,"As they gather silver and brass and iron and lead and tin into the midst of the furnace, to blow the fire on it, to melt it; so will I gather you in my anger and in my wrath, and I will lay you there, and melt you."
20998,Ezekiel,26,22,21,"Yes, I will gather you, and blow on you with the fire of my wrath, and you shall be melted in its midst."
21005,Ezekiel,26,22,28,"Her prophets have plastered for them with whitewash, seeing false visions, and divining lies to them, saying, Thus says the Lord Yahweh, when Yahweh has not spoken."
21008,Ezekiel,26,22,31,"Therefore have I poured out my indignation on them; I have consumed them with the fire of my wrath: their own way have I brought on their heads, says the Lord Yahweh."
21030,Ezekiel,26,23,22,"Therefore, Oholibah, thus says the Lord Yahweh: Behold, I will raise up your lovers against you, from whom your soul is alienated, and I will bring them against you on every side:"
21032,Ezekiel,26,23,24,"They shall come against you with weapons, chariots, and wagons, and with a company of peoples; they shall set themselves against you with buckler and shield and helmet all around; and I will commit the judgment to them, and they shall judge you according to their judgments."
21033,Ezekiel,26,23,25,"I will set my jealousy against you, and they shall deal with you in fury; they shall take away your nose and your ears; and your residue shall fall by the sword: they shall take your sons and your daughters; and your residue shall be devoured by the fire."
21036,Ezekiel,26,23,28,"For thus says the Lord Yahweh: Behold, I will deliver you into the hand of them whom you hate, into the hand of them from whom your soul is alienated;"
21040,Ezekiel,26,23,32,"Thus says the Lord Yahweh: You will drink of your sister's cup, which is deep and large; you will be ridiculed and held in derision; it contains much."
21042,Ezekiel,26,23,34,"You shall even drink it and drain it out, and you shall gnaw the broken pieces of it, and shall tear your breasts; for I have spoken it, says the Lord Yahweh."
21043,Ezekiel,26,23,35,"Therefore thus says the Lord Yahweh: Because you have forgotten me, and cast me behind your back, therefore you also bear your lewdness and your prostitution."
21054,Ezekiel,26,23,46,"For thus says the Lord Yahweh: I will bring up a company against them, and will give them to be tossed back and forth and robbed."
21057,Ezekiel,26,23,49,"They shall recompense your lewdness on you, and you shall bear the sins of your idols; and you shall know that I am the Lord Yahweh."
21060,Ezekiel,26,24,3,"Utter a parable to the rebellious house, and tell them, Thus says the Lord Yahweh, Set on the caldron, set it on, and also pour water into it:"
21063,Ezekiel,26,24,6,"Therefore thus says the Lord Yahweh: Woe to the bloody city, to the caldron whose rust is therein, and whose rust is not gone out of it! take out of it piece after piece; No lot is fallen on it."
21066,Ezekiel,26,24,9,Therefore thus says the Lord Yahweh: Woe to the bloody city! I also will make the pile great.
21071,Ezekiel,26,24,14,"I, Yahweh, have spoken it: it shall happen, and I will do it: I will not go back, neither will I spare, neither will I repent; according to your ways, and according to your doings, shall they judge you, says the Lord Yahweh."
21073,Ezekiel,26,24,16,"Son of man, behold, I will take away from you the desire of your eyes with a stroke: yet you shall neither mourn nor weep, neither shall your tears run down."
21078,Ezekiel,26,24,21,"Speak to the house of Israel, Thus says the Lord Yahweh: Behold, I will profane my sanctuary, the pride of your power, the desire of your eyes, and that which your soul pities; and your sons and your daughters whom you have left behind shall fall by the sword."
21081,Ezekiel,26,24,24,"Thus Ezekiel shall be a sign to you; according to all that he has done, you will do. When this comes, then you will know that I am the Lord Yahweh."
21084,Ezekiel,26,24,27,"In that day your mouth will be opened to him who has escaped, and you shall speak, and be no more mute: so you will be a sign to them; and they shall know that I am Yahweh."
21087,Ezekiel,26,25,3,"and tell the children of Ammon, Hear the word of the Lord Yahweh: Thus says the Lord Yahweh, Because you said, Aha, against my sanctuary, when it was profaned; and against the land of Israel, when it was made desolate; and against the house of Judah, when they went into captivity:"
21088,Ezekiel,26,25,4,"therefore, behold, I will deliver you to the children of the east for a possession, and they shall set their encampments in you, and make their dwellings in you; they shall eat your fruit, and they shall drink your milk."
21089,Ezekiel,26,25,5,"I will make Rabbah a stable for camels, and the children of Ammon a resting place for flocks: and you shall know that I am Yahweh."
21090,Ezekiel,26,25,6,"For thus says the Lord Yahweh: Because you have clapped your hands, and stamped with the feet, and rejoiced with all the despite of your soul against the land of Israel;"
21091,Ezekiel,26,25,7,"therefore, behold, I have stretched out my hand on you, and will deliver you for a spoil to the nations; and I will cut you off from the peoples, and I will cause you to perish out of the countries: I will destroy you; and you shall know that I am Yahweh."
21092,Ezekiel,26,25,8,"Thus says the Lord Yahweh: Because Moab and Seir say, Behold, the house of Judah is like all the nations;"
21093,Ezekiel,26,25,9,"therefore, behold, I will open the side of Moab from the cities, from his cities which are on his frontiers, the glory of the country, Beth Jeshimoth, Baal Meon, and Kiriathaim,"
21094,Ezekiel,26,25,10,"to the children of the east, [to go] against the children of Ammon; and I will give them for a possession, that the children of Ammon may not be remembered among the nations."
21095,Ezekiel,26,25,11,and I will execute judgments on Moab; and they shall know that I am Yahweh.
21096,Ezekiel,26,25,12,"Thus says the Lord Yahweh: Because Edom has dealt against the house of Judah by taking vengeance, and has greatly offended, and revenged himself on them;"
21097,Ezekiel,26,25,13,"therefore thus says the Lord Yahweh, I will stretch out my hand on Edom, and will cut off man and animal from it; and I will make it desolate from Teman; even to Dedan shall they fall by the sword."
21098,Ezekiel,26,25,14,"I will lay my vengeance on Edom by the hand of my people Israel; and they shall do in Edom according to my anger and according to my wrath; and they shall know my vengeance, says the Lord Yahweh."
21099,Ezekiel,26,25,15,"Thus says the Lord Yahweh: Because the Philistines have dealt by revenge, and have taken vengeance with despite of soul to destroy with perpetual enmity;"
21100,Ezekiel,26,25,16,"therefore thus says the Lord Yahweh, Behold, I will stretch out my hand on the Philistines, and I will cut off the Cherethites, and destroy the remnant of the sea coast."
21101,Ezekiel,26,25,17,"I will execute great vengeance on them with wrathful rebukes; and they shall know that I am Yahweh, when I shall lay my vengeance on them."
21104,Ezekiel,26,26,3,"therefore thus says the Lord Yahweh, Behold, I am against you, Tyre, and will cause many nations to come up against you, as the sea causes its waves to come up."
21105,Ezekiel,26,26,4,"They shall destroy the walls of Tyre, and break down her towers: I will also scrape her dust from her, and make her a bare rock."
21106,Ezekiel,26,26,5,"She shall be a place for the spreading of nets in the midst of the sea; for I have spoken it, says the Lord Yahweh; and she shall become a spoil to the nations."
21107,Ezekiel,26,26,6,Her daughters who are in the field shall be slain with the sword: and they shall know that I am Yahweh.
21108,Ezekiel,26,26,7,"For thus says the Lord Yahweh: Behold, I will bring on Tyre Nebuchadnezzar king of Babylon, king of kings, from the north, with horses, and with chariots, and with horsemen, and a company, and many people."
21114,Ezekiel,26,26,13,I will cause the noise of your songs to cease; and the sound of your harps shall be no more heard.
21115,Ezekiel,26,26,14,"I will make you a bare rock; you shall be a place for the spreading of nets; you shall be built no more: for I Yahweh have spoken it, says the Lord Yahweh."
21116,Ezekiel,26,26,15,"Thus says the Lord Yahweh to Tyre: shall not the islands shake at the sound of your fall, when the wounded groan, when the slaughter is made in the midst of you?"
21120,Ezekiel,26,26,19,"For thus says the Lord Yahweh: When I shall make you a desolate city, like the cities that are not inhabited; when I shall bring up the deep on you, and the great waters shall cover you;"
21121,Ezekiel,26,26,20,"then will I bring you down with those who descend into the pit, to the people of old time, and will make you to dwell in the lower parts of the earth, in the places that are desolate of old, with those who go down to the pit, that you be not inhabited; and I will set glory in the land of the living:"
21122,Ezekiel,26,26,21,"I will make you a terror, and you shall no more have any being; though you are sought for, yet you will never be found again, says the Lord Yahweh."
21125,Ezekiel,26,27,3,"and tell Tyre, you who dwell at the entry of the sea, who are the merchant of the peoples to many islands, thus says the Lord Yahweh: You, Tyre, have said, I am perfect in beauty."
21160,Ezekiel,26,28,2,"Son of man, tell the prince of Tyre, Thus says the Lord Yahweh: Because your heart is lifted up, and you have said, I am a god, I sit in the seat of God, in the midst of the seas; yet you are man, and not God, though you did set your heart as the heart of God--"
21164,Ezekiel,26,28,6,"therefore thus says the Lord Yahweh: Because you have set your heart as the heart of God,"
21165,Ezekiel,26,28,7,"therefore, behold, I will bring strangers on you, the terrible of the nations; and they shall draw their swords against the beauty of your wisdom, and they shall defile your brightness."
21167,Ezekiel,26,28,9,"Will you yet say before him who kills you, I am God? but you are man, and not God, in the hand of him who wounds you."
21168,Ezekiel,26,28,10,"You shall die the death of the uncircumcised by the hand of strangers: for I have spoken it, says the Lord Yahweh."
21170,Ezekiel,26,28,12,"Son of man, take up a lamentation over the king of Tyre, and tell him, Thus says the Lord Yahweh: You seal up the sum, full of wisdom, and perfect in beauty."
21180,Ezekiel,26,28,22,"and say, Thus says the Lord Yahweh: Behold, I am against you, Sidon; and I will be glorified in the midst of you; and they shall know that I am Yahweh, when I shall have executed judgments in her, and shall be sanctified in her."
21181,Ezekiel,26,28,23,"For I will send pestilence into her, and blood into her streets; and the wounded shall fall in the midst of her, with the sword on her on every side; and they shall know that I am Yahweh."
21182,Ezekiel,26,28,24,"There shall be no more a pricking brier to the house of Israel, nor a hurting thorn of any that are around them, that did despite to them; and they shall know that I am the Lord Yahweh."
21183,Ezekiel,26,28,25,"Thus says the Lord Yahweh: When I shall have gathered the house of Israel from the peoples among whom they are scattered, and shall be sanctified in them in the sight of the nations, then shall they dwell in their own land which I gave to my servant Jacob."
21184,Ezekiel,26,28,26,"They shall dwell securely therein; yes, they shall build houses, and plant vineyards, and shall dwell securely, when I have executed judgments on all those who do them despite all around them; and they shall know that I am Yahweh their God."
21187,Ezekiel,26,29,3,"Speak and say, 'Thus says the Lord Yahweh: ""Behold, I am against you, Pharaoh king of Egypt, the great monster that lies in the midst of his rivers, that has said, 'My river is my own, and I have made it for myself.'"
21188,Ezekiel,26,29,4,"I will put hooks in your jaws, and I will make the fish of your rivers stick to your scales; and I will bring you up out of the midst of your rivers, with all the fish of your rivers which stick to your scales."
21190,Ezekiel,26,29,6,"All the inhabitants of Egypt will know that I am Yahweh, because they have been a staff of reed to the house of Israel."
21192,Ezekiel,26,29,8,"Therefore thus says the Lord Yahweh: ""Behold, I will bring a sword on you, and will cut off man and animal from you."
21193,Ezekiel,26,29,9,"The land of Egypt shall be a desolation and a waste; and they shall know that I am Yahweh. Because he has said, 'The river is mine, and I have made it;'"
21194,Ezekiel,26,29,10,"therefore, behold, I am against you, and against your rivers, and I will make the land of Egypt an utter waste and desolation, from the tower of Seveneh even to the border of Ethiopia."
21196,Ezekiel,26,29,12,"I will make the land of Egypt a desolation in the midst of the countries that are desolate; and her cities among the cities that are laid waste shall be a desolation forty years; and I will scatter the Egyptians among the nations, and will disperse them through the countries."""
21197,Ezekiel,26,29,13,"For thus says the Lord Yahweh: ""At the end of forty years will I gather the Egyptians from the peoples where they were scattered;"
21198,Ezekiel,26,29,14,"and I will bring back the captivity of Egypt, and will cause them to return into the land of Pathros, into the land of their birth; and they shall be there a base kingdom."
21199,Ezekiel,26,29,15,"It shall be the base of the kingdoms; neither shall it any more lift itself up above the nations: and I will diminish them, that they shall no more rule over the nations."
21200,Ezekiel,26,29,16,"It shall be no more the confidence of the house of Israel, bringing iniquity to memory, when they turn to look after them: and they shall know that I am the Lord Yahweh.""'"""
21203,Ezekiel,26,29,19,"Therefore thus says the Lord Yahweh: Behold, I will give the land of Egypt to Nebuchadnezzar king of Babylon; and he shall carry off her multitude, and take her spoil, and take her prey; and it shall be the wages for his army."
21204,Ezekiel,26,29,20,"I have given him the land of Egypt as his recompense for which he served, because they worked for me, says the Lord Yahweh."
21205,Ezekiel,26,29,21,"In that day will I cause a horn to bud forth to the house of Israel, and I will give you the opening of the mouth in the midst of them; and they shall know that I am Yahweh."
21207,Ezekiel,26,30,2,"Son of man, prophesy, and say, Thus says the Lord Yahweh: Wail, Alas for the day!"
21211,Ezekiel,26,30,6,"Thus says Yahweh: They also who uphold Egypt shall fall; and the pride of her power shall come down: from the tower of Seveneh shall they fall in it by the sword, says the Lord Yahweh."
21213,Ezekiel,26,30,8,"They shall know that I am Yahweh, when I have set a fire in Egypt, and all her helpers are destroyed."
21215,Ezekiel,26,30,10,"Thus says the Lord Yahweh: I will also make the multitude of Egypt to cease, by the hand of Nebuchadnezzar king of Babylon."
21217,Ezekiel,26,30,12,"I will make the rivers dry, and will sell the land into the hand of evil men; and I will make the land desolate, and all that is therein, by the hand of strangers: I, Yahweh, have spoken it."
21218,Ezekiel,26,30,13,"Thus says the Lord Yahweh: I will also destroy the idols, and I will cause the images to cease from Memphis; and there shall be no more a prince from the land of Egypt: and I will put a fear in the land of Egypt."
21219,Ezekiel,26,30,14,"I will make Pathros desolate, and will set a fire in Zoan, and will execute judgments on No."
21220,Ezekiel,26,30,15,"I will pour my wrath on Sin, the stronghold of Egypt; and I will cut off the multitude of No."
21221,Ezekiel,26,30,16,"I will set a fire in Egypt: Sin shall be in great anguish, and No shall be broken up; and Memphis [shall have] adversaries in the daytime."
21224,Ezekiel,26,30,19,Thus will I execute judgments on Egypt; and they shall know that I am Yahweh.
21227,Ezekiel,26,30,22,"Therefore thus says the Lord Yahweh: Behold, I am against Pharaoh king of Egypt, and will break his arms, the strong [arm], and that which was broken; and I will cause the sword to fall out of his hand."
21228,Ezekiel,26,30,23,"I will scatter the Egyptians among the nations, and will disperse them through the countries."
21229,Ezekiel,26,30,24,"I will strengthen the arms of the king of Babylon, and put my sword in his hand: but I will break the arms of Pharaoh, and he shall groan before him with the groanings of a deadly wounded man."
21230,Ezekiel,26,30,25,"I will hold up the arms of the king of Babylon; and the arms of Pharaoh shall fall down; and they shall know that I am Yahweh, when I shall put my sword into the hand of the king of Babylon, and he shall stretch it out on the land of Egypt."
21231,Ezekiel,26,30,26,"I will scatter the Egyptians among the nations, and disperse them through the countries; and they shall know that I am Yahweh."
21242,Ezekiel,26,31,11,I will even deliver him into the hand of the mighty one of the nations; he shall surely deal with him; I have driven him out for his wickedness.
21246,Ezekiel,26,31,15,"Thus says the Lord Yahweh: In the day when he went down to Sheol I caused a mourning: I covered the deep for him, and I restrained its rivers; and the great waters were stayed; and I caused Lebanon to mourn for him, and all the trees of the field fainted for him."
21249,Ezekiel,26,31,18,"To whom are you thus like in glory and in greatness among the trees of Eden? yet you will be brought down with the trees of Eden to the lower parts of the earth: you shall lie in the midst of the uncircumcised, with those who are slain by the sword. This is Pharaoh and all his multitude, says the Lord Yahweh."
21252,Ezekiel,26,32,3,Thus says the Lord Yahweh: I will spread out my net on you with a company of many peoples; and they shall bring you up in my net.
21253,Ezekiel,26,32,4,"I will leave you on the land, I will cast you forth on the open field, and will cause all the birds of the sky to settle on you, and I will satisfy the animals of the whole earth with you."
21254,Ezekiel,26,32,5,"I will lay your flesh on the mountains, and fill the valleys with your height."
21255,Ezekiel,26,32,6,"I will also water with your blood the land in which you swim, even to the mountains; and the watercourses shall be full of you."
21256,Ezekiel,26,32,7,"When I shall extinguish you, I will cover the heavens, and make its stars dark; I will cover the sun with a cloud, and the moon shall not give its light."
21257,Ezekiel,26,32,8,"All the bright lights of the sky will I make dark over you, and set darkness on your land, says the Lord Yahweh."
21258,Ezekiel,26,32,9,"I will also trouble the hearts of many peoples, when I shall bring your destruction among the nations, into the countries which you have not known."
21259,Ezekiel,26,32,10,"Yes, I will make many peoples amazed at you, and their kings shall be horribly afraid for you, when I shall brandish my sword before them; and they shall tremble at every moment, every man for his own life, in the day of your fall."
21260,Ezekiel,26,32,11,For thus says the Lord Yahweh: The sword of the king of Babylon shall come on you.
21262,Ezekiel,26,32,13,"I will destroy also all its animals from beside many waters; neither shall the foot of man trouble them any more, nor the hoofs of animals trouble them."
21263,Ezekiel,26,32,14,"Then will I make their waters clear, and cause their rivers to run like oil, says the Lord Yahweh."
21264,Ezekiel,26,32,15,"When I shall make the land of Egypt desolate and waste, a land destitute of that of which it was full, when I shall strike all those who dwell therein, then shall they know that I am Yahweh."
21265,Ezekiel,26,32,16,"This is the lamentation with which they shall lament; the daughters of the nations shall lament therewith; over Egypt, and over all her multitude, shall they lament therewith, says the Lord Yahweh."
21280,Ezekiel,26,32,31,"Pharaoh shall see them, and shall be comforted over all his multitude, even Pharaoh and all his army, slain by the sword, says the Lord Yahweh."
21281,Ezekiel,26,32,32,"For I have put his terror in the land of the living; and he shall be laid in the midst of the uncircumcised, with those who are slain by the sword, even Pharaoh and all his multitude, says the Lord Yahweh."
21292,Ezekiel,26,33,11,"Tell them, As I live, says the Lord Yahweh, I have no pleasure in the death of the wicked; but that the wicked turn from his way and live: turn, turn from your evil ways; for why will you die, house of Israel?"
21301,Ezekiel,26,33,20,"Yet you say, The way of the Lord is not equal. House of Israel, I will judge every one of you after his ways."
21306,Ezekiel,26,33,25,"Therefore tell them, Thus says the Lord Yahweh: You eat with the blood, and lift up your eyes to your idols, and shed blood: and shall you possess the land?"
21308,Ezekiel,26,33,27,"You shall tell them, Thus says the Lord Yahweh: As I live, surely those who are in the waste places shall fall by the sword; and him who is in the open field will I give to the animals to be devoured; and those who are in the strongholds and in the caves shall die of the pestilence."
21309,Ezekiel,26,33,28,"I will make the land a desolation and an astonishment; and the pride of her power shall cease; and the mountains of Israel shall be desolate, so that none shall pass through."
21310,Ezekiel,26,33,29,"Then shall they know that I am Yahweh, when I have made the land a desolation and an astonishment, because of all their abominations which they have committed."
21316,Ezekiel,26,34,2,"Son of man, prophesy against the shepherds of Israel, prophesy, and tell them, even to the shepherds, Thus says the Lord Yahweh: Woe to the shepherds of Israel who feed themselves! Shouldn't the shepherds feed the sheep?"
21322,Ezekiel,26,34,8,"As I live, says the Lord Yahweh, surely because my sheep became a prey, and my sheep became food to all the animals of the field, because there was no shepherd, neither did my shepherds search for my sheep, but the shepherds fed themselves, and didn't feed my sheep;"
21324,Ezekiel,26,34,10,"Thus says the Lord Yahweh: Behold, I am against the shepherds; and I will require my sheep at their hand, and cause them to cease from feeding the sheep; neither shall the shepherds feed themselves any more; and I will deliver my sheep from their mouth, that they may not be food for them."
21325,Ezekiel,26,34,11,"For thus says the Lord Yahweh: Behold, I myself, even I, will search for my sheep, and will seek them out."
21326,Ezekiel,26,34,12,"As a shepherd seeks out his flock in the day that he is among his sheep that are scattered abroad, so will I seek out my sheep; and I will deliver them out of all places where they have been scattered in the cloudy and dark day."
21327,Ezekiel,26,34,13,"I will bring them out from the peoples, and gather them from the countries, and will bring them into their own land; and I will feed them on the mountains of Israel, by the watercourses, and in all the inhabited places of the country."
21328,Ezekiel,26,34,14,I will feed them with good pasture; and on the mountains of the height of Israel shall their fold be: there shall they lie down in a good fold; and on fat pasture shall they feed on the mountains of Israel.
21329,Ezekiel,26,34,15,"I myself will be the shepherd of my sheep, and I will cause them to lie down, says the Lord Yahweh."
21330,Ezekiel,26,34,16,"I will seek that which was lost, and will bring back that which was driven away, and will bind up that which was broken, and will strengthen that which was sick: but the fat and the strong I will destroy; I will feed them in justice."
21331,Ezekiel,26,34,17,"As for you, O my flock, thus says the Lord Yahweh: Behold, I judge between sheep and sheep, the rams and the male goats."
21334,Ezekiel,26,34,20,"Therefore thus says the Lord Yahweh to them: Behold, I, even I, will judge between the fat sheep and the lean sheep."
21336,Ezekiel,26,34,22,"therefore will I save my flock, and they shall no more be a prey; and I will judge between sheep and sheep."
21337,Ezekiel,26,34,23,"I will set up one shepherd over them, and he shall feed them, even my servant David; he shall feed them, and he shall be their shepherd."
21339,Ezekiel,26,34,25,"I will make with them a covenant of peace, and will cause evil animals to cease out of the land; and they shall dwell securely in the wilderness, and sleep in the woods."
21340,Ezekiel,26,34,26,I will make them and the places around my hill a blessing; and I will cause the shower to come down in its season; there shall be showers of blessing.
21341,Ezekiel,26,34,27,"The tree of the field shall yield its fruit, and the earth shall yield its increase, and they shall be secure in their land; and they shall know that I am Yahweh, when I have broken the bars of their yoke, and have delivered them out of the hand of those who made slaves of them."
21343,Ezekiel,26,34,29,"I will raise up to them a plantation for renown, and they shall be no more consumed with famine in the land, neither bear the shame of the nations any more."
21344,Ezekiel,26,34,30,"They shall know that I, Yahweh, their God am with them, and that they, the house of Israel, are my people, says the Lord Yahweh."
21345,Ezekiel,26,34,31,"You my sheep, the sheep of my pasture, are men, and I am your God, says the Lord Yahweh."
21348,Ezekiel,26,35,3,"and tell it, Thus says the Lord Yahweh: Behold, I am against you, Mount Seir, and I will stretch out my hand against you, and I will make you a desolation and an astonishment."
21349,Ezekiel,26,35,4,"I will lay your cities waste, and you shall be desolate; and you shall know that I am Yahweh."
21351,Ezekiel,26,35,6,"therefore, as I live, says the Lord Yahweh, I will prepare you for blood, and blood shall pursue you: since you have not hated blood, therefore blood shall pursue you."
21352,Ezekiel,26,35,7,Thus will I make Mount Seir an astonishment and a desolation; and I will cut off from it him who passes through and him who returns.
21353,Ezekiel,26,35,8,I will fill its mountains with its slain: in your hills and in your valleys and in all your watercourses shall they fall who are slain with the sword.
21354,Ezekiel,26,35,9,"I will make you a perpetual desolation, and your cities shall not be inhabited; and you shall know that I am Yahweh."
21356,Ezekiel,26,35,11,"therefore, as I live, says the Lord Yahweh, I will do according to your anger, and according to your envy which you have shown out of your hatred against them; and I will make myself known among them, when I shall judge you."
21359,Ezekiel,26,35,14,"Thus says the Lord Yahweh: When the whole earth rejoices, I will make you desolate."
21360,Ezekiel,26,35,15,"As you rejoiced over the inheritance of the house of Israel, because it was desolate, so will I do to you: you shall be desolate, Mount Seir, and all Edom, even all of it; and they shall know that I am Yahweh."
21362,Ezekiel,26,36,2,"Thus says the Lord Yahweh: Because the enemy has said against you, Aha! and, The ancient high places are ours in possession;"
21363,Ezekiel,26,36,3,"therefore prophesy, and say, Thus says the Lord Yahweh: Because, even because they have made you desolate, and swallowed you up on every side, that you might be a possession to the residue of the nations, and you are taken up in the lips of talkers, and the evil report of the people;"
21364,Ezekiel,26,36,4,"therefore, you mountains of Israel, hear the word of the Lord Yahweh: Thus says the Lord Yahweh to the mountains and to the hills, to the watercourses and to the valleys, to the desolate wastes and to the cities that are forsaken, which are become a prey and derision to the residue of the nations that are all around;"
21365,Ezekiel,26,36,5,"therefore thus says the Lord Yahweh: Surely in the fire of my jealousy have I spoken against the residue of the nations, and against all Edom, that have appointed my land to themselves for a possession with the joy of all their heart, with despite of soul, to cast it out for a prey."
21366,Ezekiel,26,36,6,"Therefore prophesy concerning the land of Israel, and tell the mountains and to the hills, to the watercourses and to the valleys, Thus says the Lord Yahweh: Behold, I have spoken in my jealousy and in my wrath, because you have borne the shame of the nations:"
21367,Ezekiel,26,36,7,"therefore thus says the Lord Yahweh: I have sworn, [saying], Surely the nations that are around you, they shall bear their shame."
21369,Ezekiel,26,36,9,"For, behold, I am for you, and I will turn into you, and you shall be tilled and sown;"
21370,Ezekiel,26,36,10,"and I will multiply men on you, all the house of Israel, even all of it; and the cities shall be inhabited, and the waste places shall be built;"
21371,Ezekiel,26,36,11,"and I will multiply on you man and animal; and they shall increase and be fruitful; and I will cause you to be inhabited after your former estate, and will do better [to you] than at your beginnings: and you shall know that I am Yahweh."
21372,Ezekiel,26,36,12,"Yes, I will cause men to walk on you, even my people Israel; and they shall possess you, and you shall be their inheritance, and you shall no more henceforth bereave them of children."
21373,Ezekiel,26,36,13,"Thus says the Lord Yahweh: Because they say to you, You are a devourer of men, and have been a bereaver of your nation;"
21374,Ezekiel,26,36,14,"therefore you shall devour men no more, neither bereave your nation any more, says the Lord Yahweh;"
21375,Ezekiel,26,36,15,"neither will I let you hear any more the shame of the nations, neither shall you bear the reproach of the peoples any more, neither shall you cause your nation to stumble any more, says the Lord Yahweh."
21382,Ezekiel,26,36,22,"Therefore tell the house of Israel, Thus says the Lord Yahweh: I don't do [this] for your sake, house of Israel, but for my holy name, which you have profaned among the nations, where you went."
21383,Ezekiel,26,36,23,"I will sanctify my great name, which has been profaned among the nations, which you have profaned in the midst of them; and the nations shall know that I am Yahweh, says the Lord Yahweh, when I shall be sanctified in you before their eyes."
21384,Ezekiel,26,36,24,"For I will take you from among the nations, and gather you out of all the countries, and will bring you into your own land."
21385,Ezekiel,26,36,25,"I will sprinkle clean water on you, and you shall be clean: from all your filthiness, and from all your idols, will I cleanse you."
21386,Ezekiel,26,36,26,"I will also give you a new heart, and I will put a new spirit within you; and I will take away the stony heart out of your flesh, and I will give you a heart of flesh."
21387,Ezekiel,26,36,27,"I will put my Spirit within you, and cause you to walk in my statutes, and you shall keep my ordinances, and do them."
21388,Ezekiel,26,36,28,"You shall dwell in the land that I gave to your fathers; and you shall be my people, and I will be your God."
21389,Ezekiel,26,36,29,"I will save you from all your uncleanness: and I will call for the grain, and will multiply it, and lay no famine on you."
21390,Ezekiel,26,36,30,"I will multiply the fruit of the tree, and the increase of the field, that you may receive no more the reproach of famine among the nations."
21392,Ezekiel,26,36,32,"Nor for your sake do I [this], says the Lord Yahweh, be it known to you: be ashamed and confounded for your ways, house of Israel."
21393,Ezekiel,26,36,33,"Thus says the Lord Yahweh: In the day that I cleanse you from all your iniquities, I will cause the cities to be inhabited, and the waste places shall be built."
21396,Ezekiel,26,36,36,"Then the nations that are left around you shall know that I, Yahweh, have built the ruined places, and planted that which was desolate: I, Yahweh, have spoken it, and I will do it."
21397,Ezekiel,26,36,37,"Thus says the Lord Yahweh: For this, moreover, will I be inquired of by the house of Israel, to do it for them: I will increase them with men like a flock."
21398,Ezekiel,26,36,38,"As the flock for sacrifice, as the flock of Jerusalem in her appointed feasts, so shall the waste cities be filled with flocks of men; and they shall know that I am Yahweh."
21403,Ezekiel,26,37,5,"Thus says the Lord Yahweh to these bones: Behold, I will cause breath to enter into you, and you shall live."
21404,Ezekiel,26,37,6,"I will lay sinews on you, and will bring up flesh on you, and cover you with skin, and put breath in you, and you shall live; and you shall know that I am Yahweh."
21407,Ezekiel,26,37,9,"Then he said to me, Prophesy to the wind, prophesy, son of man, and tell the wind, Thus says the Lord Yahweh: Come from the four winds, breath, and breathe on these slain, that they may live."
21410,Ezekiel,26,37,12,"Therefore prophesy, and tell them, Thus says the Lord Yahweh: Behold, I will open your graves, and cause you to come up out of your graves, my people; and I will bring you into the land of Israel."
21411,Ezekiel,26,37,13,"You shall know that I am Yahweh, when I have opened your graves, and caused you to come up out of your graves, my people."
21412,Ezekiel,26,37,14,"I will put my Spirit in you, and you shall live, and I will place you in your own land: and you shall know that I, Yahweh, have spoken it and performed it, says Yahweh."
21417,Ezekiel,26,37,19,"tell them, Thus says the Lord Yahweh: Behold, I will take the stick of Joseph, which is in the hand of Ephraim, and the tribes of Israel his companions; and I will put them with it, [even] with the stick of Judah, and make them one stick, and they shall be one in my hand."
21419,Ezekiel,26,37,21,"Say to them, Thus says the Lord Yahweh: Behold, I will take the children of Israel from among the nations, where they are gone, and will gather them on every side, and bring them into their own land:"
21420,Ezekiel,26,37,22,"and I will make them one nation in the land, on the mountains of Israel; and one king shall be king to them all; and they shall be no more two nations, neither shall they be divided into two kingdoms any more at all;"
21421,Ezekiel,26,37,23,"neither shall they defile themselves any more with their idols, nor with their detestable things, nor with any of their transgressions; but I will save them out of all their dwelling places, in which they have sinned, and will cleanse them: so shall they be my people, and I will be their God."
21424,Ezekiel,26,37,26,"Moreover I will make a covenant of peace with them; it shall be an everlasting covenant with them; and I will place them, and multiply them, and will set my sanctuary in the midst of them forevermore."
21425,Ezekiel,26,37,27,"My tent also shall be with them; and I will be their God, and they shall be my people."
21426,Ezekiel,26,37,28,"The nations shall know that I am Yahweh who sanctifies Israel, when my sanctuary shall be in the midst of them forevermore."
21429,Ezekiel,26,38,3,"and say, Thus says the Lord Yahweh: Behold, I am against you, Gog, prince of Rosh, Meshech, and Tubal:"
21430,Ezekiel,26,38,4,"and I will turn you around, and put hooks into your jaws, and I will bring you forth, with all your army, horses and horsemen, all of them clothed in full armor, a great company with buckler and shield, all of them handling swords;"
21436,Ezekiel,26,38,10,"Thus says the Lord Yahweh: It shall happen in that day, that things shall come into your mind, and you shall devise an evil device:"
21437,Ezekiel,26,38,11,"and you shall say, I will go up to the land of unwalled villages; I will go to those who are at rest, who dwell securely, all of them dwelling without walls, and having neither bars nor gates;"
21440,Ezekiel,26,38,14,"Therefore, son of man, prophesy, and tell Gog, Thus says the Lord Yahweh: In that day when my people Israel dwells securely, shall you not know it?"
21442,Ezekiel,26,38,16,"and you shall come up against my people Israel, as a cloud to cover the land: it shall happen in the latter days, that I will bring you against my land, that the nations may know me, when I shall be sanctified in you, Gog, before their eyes."
21443,Ezekiel,26,38,17,"Thus says the Lord Yahweh: Are you he of whom I spoke in old time by my servants the prophets of Israel, who prophesied in those days for [many] years that I would bring you against them?"
21444,Ezekiel,26,38,18,"It shall happen in that day, when Gog shall come against the land of Israel, says the Lord Yahweh, that my wrath shall come up into my nostrils."
21447,Ezekiel,26,38,21,"I will call for a sword against him to all my mountains, says the Lord Yahweh: every man's sword shall be against his brother."
21448,Ezekiel,26,38,22,"With pestilence and with blood will I enter into judgment with him; and I will rain on him, and on his hordes, and on the many peoples who are with him, an overflowing shower, and great hailstones, fire, and sulfur."
21449,Ezekiel,26,38,23,"I will magnify myself, and sanctify myself, and I will make myself known in the eyes of many nations; and they shall know that I am Yahweh."
21450,Ezekiel,26,39,1,"You, son of man, prophesy against Gog, and say, Thus says the Lord Yahweh: Behold, I am against you, Gog, prince of Rosh, Meshech, and Tubal:"
21451,Ezekiel,26,39,2,"and I will turn you around, and will lead you on, and will cause you to come up from the uttermost parts of the north; and I will bring you on the mountains of Israel;"
21452,Ezekiel,26,39,3,"and I will strike your bow out of your left hand, and will cause your arrows to fall out of your right hand."
21453,Ezekiel,26,39,4,"You shall fall on the mountains of Israel, you, and all your hordes, and the peoples who are with you: I will give you to the ravenous birds of every sort, and to the animals of the field to be devoured."
21454,Ezekiel,26,39,5,"You shall fall on the open field; for I have spoken it, says the Lord Yahweh."
21455,Ezekiel,26,39,6,"I will send a fire on Magog, and on those who dwell securely in the islands; and they shall know that I am Yahweh."
21456,Ezekiel,26,39,7,"My holy name will I make known in the midst of my people Israel; neither will I allow my holy name to be profaned any more: and the nations shall know that I am Yahweh, the Holy One in Israel."
21457,Ezekiel,26,39,8,"Behold, it comes, and it shall be done, says the Lord Yahweh; this is the day about which I have spoken."
21459,Ezekiel,26,39,10,"so that they shall take no wood out of the field, neither cut down any out of the forests; for they shall make fires of the weapons; and they shall plunder those who plundered them, and rob those who robbed them, says the Lord Yahweh."
21460,Ezekiel,26,39,11,"It shall happen in that day, that I will give to Gog a place for burial in Israel, the valley of those who pass through on the east of the sea; and it shall stop those who pass through: and there shall they bury Gog and all his multitude; and they shall call it The valley of Hamon Gog."
21462,Ezekiel,26,39,13,"Yes, all the people of the land shall bury them; and it shall be to them a renown in the day that I shall be glorified, says the Lord Yahweh."
21466,Ezekiel,26,39,17,"You, son of man, thus says the Lord Yahweh: Speak to the birds of every sort, and to every animal of the field, Assemble yourselves, and come; gather yourselves on every side to my sacrifice that I do sacrifice for you, even a great sacrifice on the mountains of Israel, that you may eat flesh and drink blood."
21469,Ezekiel,26,39,20,"You shall be filled at my table with horses and chariots, with mighty men, and with all men of war, says the Lord Yahweh."
21470,Ezekiel,26,39,21,"I will set my glory among the nations; and all the nations shall see my judgment that I have executed, and my hand that I have laid on them."
21471,Ezekiel,26,39,22,"So the house of Israel shall know that I am Yahweh their God, from that day and forward."
21474,Ezekiel,26,39,25,"Therefore thus says the Lord Yahweh: Now will I bring back the captivity of Jacob, and have mercy on the whole house of Israel; and I will be jealous for my holy name."
21477,Ezekiel,26,39,28,"They shall know that I am Yahweh their God, in that I caused them to go into captivity among the nations, and have gathered them to their own land; and I will leave none of them any more there;"
21478,Ezekiel,26,39,29,"neither will I hide my face any more from them; for I have poured out my Spirit on the house of Israel, says the Lord Yahweh."
21580,Ezekiel,26,43,7,"He said to me, Son of man, [this is] the place of my throne, and the place of the soles of my feet, where I will dwell in the midst of the children of Israel forever. The house of Israel shall no more defile my holy name, neither they, nor their kings, by their prostitution, and by the dead bodies of their kings [in] their high places;"
21582,Ezekiel,26,43,9,"Now let them put away their prostitution, and the dead bodies of their kings, far from me; and I will dwell in the midst of them forever."
21591,Ezekiel,26,43,18,"He said to me, Son of man, thus says the Lord Yahweh: These are the ordinances of the altar in the day when they shall make it, to offer burnt offerings thereon, and to sprinkle blood thereon."
21592,Ezekiel,26,43,19,"You shall give to the priests the Levites who are of the seed of Zadok, who are near to me, to minister to me, says the Lord Yahweh, a young bull for a sin offering."
21600,Ezekiel,26,43,27,"When they have accomplished the days, it shall be that on the eighth day, and forward, the priests shall make your burnt offerings on the altar, and your peace offerings; and I will accept you, says the Lord Yahweh."
21606,Ezekiel,26,44,6,"You shall tell the rebellious, even to the house of Israel, Thus says the Lord Yahweh: you house of Israel, let it suffice you of all your abominations,"
21609,Ezekiel,26,44,9,"Thus says the Lord Yahweh, No foreigner, uncircumcised in heart and uncircumcised in flesh, shall enter into my sanctuary, of any foreigners who are among the children of Israel."
21612,Ezekiel,26,44,12,"Because they ministered to them before their idols, and became a stumbling block of iniquity to the house of Israel; therefore have I lifted up my hand against them, says the Lord Yahweh, and they shall bear their iniquity."
21615,Ezekiel,26,44,15,"But the priests the Levites, the sons of Zadok, who performed the duty of my sanctuary when the children of Israel went astray from me, they shall come near to me to minister to me; and they shall stand before me to offer to me the fat and the blood, says the Lord Yahweh:"
21627,Ezekiel,26,44,27,"In the day that he goes into the sanctuary, into the inner court, to minister in the sanctuary, he shall offer his sin offering, says the Lord Yahweh."
21640,Ezekiel,26,45,9,"Thus says the Lord Yahweh: Let it suffice you, princes of Israel: remove violence and spoil, and execute justice and righteousness; dispossessing my people, says the Lord Yahweh."
21646,Ezekiel,26,45,15,"and one lamb of the flock, out of two hundred, from the well-watered pastures of Israel--for a meal offering, and for a burnt offering, and for peace offerings, to make atonement for them, says the Lord Yahweh."
21649,Ezekiel,26,45,18,"Thus says the Lord Yahweh: In the first [month], in the first [day] of the month, you shall take a young bull without blemish; and you shall cleanse the sanctuary."
21657,Ezekiel,26,46,1,"Thus says the Lord Yahweh: The gate of the inner court that looks toward the east shall be shut the six working days; but on the Sabbath day it shall be opened, and on the day of the new moon it shall be opened."
21672,Ezekiel,26,46,16,"Thus says the Lord Yahweh: If the prince give a gift to any of his sons, it is his inheritance, it shall belong to his sons; it is their possession by inheritance."
21693,Ezekiel,26,47,13,"Thus says the Lord Yahweh: This shall be the border, by which you shall divide the land for inheritance according to the twelve tribes of Israel: Joseph [shall have two] portions."
21703,Ezekiel,26,47,23,"It shall happen, that in what tribe the stranger lives, there you shall give him his inheritance, says the Lord Yahweh."
21732,Ezekiel,26,48,29,"This is the land which you shall divide by lot to the tribes of Israel for inheritance, and these are their several portions, says the Lord Yahweh."
21783,Daniel,27,2,24,"Therefore Daniel went in to Arioch, whom the king had appointed to destroy the wise men of Babylon; he went and said thus to him: Don't destroy the wise men of Babylon; bring me in before the king, and I will show to the king the interpretation."
21892,Daniel,27,5,17,"Then Daniel answered before the king, Let your gifts be to yourself, and give your rewards to another; nevertheless I will read the writing to the king, and make known to him the interpretation."
21981,Daniel,27,8,19,"He said, Behold, I will make you know what shall be in the latter time of the indignation; for it belongs to the appointed time of the end."
22028,Daniel,27,10,12,"Then he said to me, Don't be afraid, Daniel; for from the first day that you set your heart to understand, and to humble yourself before your God, your words were heard: and I have come for your words' sake."
22035,Daniel,27,10,19,"He said, ""Greatly beloved man, don't be afraid: peace be to you, be strong, yes, be strong."" When he spoke to me, I was strengthened, and said, ""Let my lord speak; for you have strengthened me."""
22036,Daniel,27,10,20,"Then he said, ""Do you know why I have come to you? Now I will return to fight with the prince of Persia. When I go forth, behold, the prince of Greece shall come."
22037,Daniel,27,10,21,"But I will tell you that which is inscribed in the writing of truth: and there is none who holds with me against these, but Michael your prince."""
22094,Daniel,27,12,12,"Blessed is he who waits, and comes to the one thousand three hundred thirty-five days."
22099,Hosea,28,1,4,"Yahweh said to him, ""Call his name Jezreel; for yet a little while, and I will avenge the blood of Jezreel on the house of Jehu, and will cause the kingdom of the house of Israel to cease."
22100,Hosea,28,1,5,"It will happen in that day that I will break the bow of Israel in the valley of Jezreel."""
22101,Hosea,28,1,6,"She conceived again, and bore a daughter. Then he said to him, ""Call her name Lo-Ruhamah; for I will no longer have mercy on the house of Israel, that I should in any way pardon them."
22102,Hosea,28,1,7,"But I will have mercy on the house of Judah, and will save them by Yahweh their God, and will not save them by bow, sword, battle, horses, or horsemen."""
22104,Hosea,28,1,9,"He said, ""Call his name Lo-Ammi; for you are not my people, and I will not be yours."
22110,Hosea,28,2,4,"Indeed, on her children I will have no mercy; for they are children of unfaithfulness;"
22111,Hosea,28,2,5,"For their mother has played the prostitute. She who conceived them has done shamefully; for she said, 'I will go after my lovers, who give me my bread and my water, my wool and my flax, my oil and my drink.'"
22112,Hosea,28,2,6,"Therefore, behold, I will hedge up your way with thorns, and I will build a wall against her, that she can't find her way."
22113,Hosea,28,2,7,"She will follow after her lovers, but she won't overtake them; and she will seek them, but won't find them. Then she will say, 'I will go and return to my first husband; for then was it better with me than now.'"
22115,Hosea,28,2,9,"Therefore I will take back my grain in its time, and my new wine in its season, and will pluck away my wool and my flax which should have covered her nakedness."
22116,Hosea,28,2,10,"Now I will uncover her lewdness in the sight of her lovers, and no one will deliver her out of my hand."
22117,Hosea,28,2,11,"I will also cause all her celebrations to cease: her feasts, her new moons, her Sabbaths, and all her solemn assemblies."
22118,Hosea,28,2,12,"I will lay waste her vines and her fig trees, about which she has said, 'These are my wages that my lovers have given me; and I will make them a forest,' and the animals of the field shall eat them."
22119,Hosea,28,2,13,"I will visit on her the days of the Baals, to which she burned incense, when she decked herself with her earrings and her jewels, and went after her lovers, and forgot me,"" says Yahweh."
22120,Hosea,28,2,14,"""Therefore, behold, I will allure her, and bring her into the wilderness, and speak tenderly to her."
22121,Hosea,28,2,15,"I will give her vineyards from there, and the valley of Achor for a door of hope; and she will respond there, as in the days of her youth, and as in the day when she came up out of the land of Egypt."
22123,Hosea,28,2,17,"For I will take away the names of the Baals out of her mouth, and they will no longer be mentioned by name."
22124,Hosea,28,2,18,"In that day I will make a covenant for them with the animals of the field, and with the birds of the sky, and with the creeping things of the ground. I will break the bow, the sword, and the battle out of the land, and will make them lie down safely."
22125,Hosea,28,2,19,"I will betroth you to me forever. Yes, I will betroth you to me in righteousness, in justice, in loving kindness, and in compassion."
22126,Hosea,28,2,20,I will even betroth you to me in faithfulness; and you shall know Yahweh.
22127,Hosea,28,2,21,"It will happen in that day, I will respond,"" says Yahweh, ""I will respond to the heavens, and they will respond to the earth;"
22129,Hosea,28,2,23,"I will sow her to me in the earth; and I will have mercy on her who had not obtained mercy; and I will tell those who were not my people, 'You are my people;' and they will say, 'My God!'"""
22132,Hosea,28,3,3,"I said to her, ""You shall stay with me many days. You shall not play the prostitute, and you shall not be with any other man. I will also be so toward you."""
22139,Hosea,28,4,5,"You will stumble in the day, and the prophet will also stumble with you in the night; and I will destroy your mother."
22140,Hosea,28,4,6,"My people are destroyed for lack of knowledge. Because you have rejected knowledge, I will also reject you, that you may be no priest to me. Because you have forgotten your God's law, I will also forget your children."
22141,Hosea,28,4,7,"As they were multiplied, so they sinned against me. I will change their glory into shame."
22143,Hosea,28,4,9,"It will be, like people, like priest; and I will punish them for their ways, and will repay them for their deeds."
22148,Hosea,28,4,14,"I will not punish your daughters when they play the prostitute, nor your brides when they commit adultery; because the men consort with prostitutes, and they sacrifice with the shrine prostitutes; so the people without understanding will come to ruin."
22163,Hosea,28,5,10,The princes of Judah are like those who remove a landmark. I will pour out my wrath on them like water.
22167,Hosea,28,5,14,"For I will be to Ephraim like a lion, and like a young lion to the house of Judah. I myself will tear in pieces and go away. I will carry off, and there will be no one to deliver."
22168,Hosea,28,5,15,"I will go and return to my place, until they acknowledge their offense, and seek my face. In their affliction they will seek me earnestly."""
22191,Hosea,28,7,12,"When they go, I will spread my net on them. I will bring them down like the birds of the sky. I will chastise them, as their congregation has heard."
22205,Hosea,28,8,10,"But although they sold themselves among the nations, I will now gather them; and they begin to waste away because of the oppression of the king of mighty ones."
22209,Hosea,28,8,14,"For Israel has forgotten his Maker and built palaces; and Judah has multiplied fortified cities; but I will send a fire on his cities, and it will devour its fortresses."""
22221,Hosea,28,9,12,"Though they bring up their children, yet I will bereave them, so that not a man shall be left. Indeed, woe also to them when I depart from them!"
22224,Hosea,28,9,15,"""All their wickedness is in Gilgal; for there I hated them. Because of the wickedness of their deeds I will drive them out of my house! I will love them no more. All their princes are rebels."
22225,Hosea,28,9,16,"Ephraim is struck. Their root has dried up. They will bear no fruit. Even though they bring forth, yet I will kill the beloved ones of their womb."""
22226,Hosea,28,9,17,"My God will cast them away, because they did not listen to him; and they will be wanderers among the nations."
22236,Hosea,28,10,10,"When it is my desire, I will chastise them; and the nations will be gathered against them, when they are bound to their two transgressions."
22237,Hosea,28,10,11,Ephraim is a trained heifer that loves to thresh; so I will put a yoke on her beautiful neck. I will set a rider on Ephraim. Judah will plow. Jacob will break his clods.
22250,Hosea,28,11,9,"I will not execute the fierceness of my anger. I will not return to destroy Ephraim: for I am God, and not man; the Holy One in the midst of you; and I will not come in wrath."
22252,Hosea,28,11,11,"They will come trembling like a bird out of Egypt, and like a dove out of the land of Assyria; and I will settle them in their houses,"" says Yahweh."
22262,Hosea,28,12,9,"""But I am Yahweh your God from the land of Egypt. I will yet again make you dwell in tents, as in the days of the solemn feast."
22271,Hosea,28,13,4,"""Yet I am Yahweh your God from the land of Egypt; and you shall acknowledge no god but me, and besides me there is no savior."
22274,Hosea,28,13,7,"Therefore I am like a lion to them. Like a leopard, I will lurk by the path."
22275,Hosea,28,13,8,"I will meet them like a bear that is bereaved of her cubs, and will tear the covering of their heart. There I will devour them like a lioness. The wild animal will tear them."
22281,Hosea,28,13,14,"I will ransom them from the power of Sheol. I will redeem them from death! Death, where are your plagues? Sheol, where is your destruction? ""Compassion will be hidden from my eyes."
22287,Hosea,28,14,4,"""I will heal their waywardness. I will love them freely; for my anger is turned away from him."
22288,Hosea,28,14,5,"I will be like the dew to Israel. He will blossom like the lily, and send down his roots like Lebanon."
22331,Joel,29,2,19,"Yahweh answered his people, ""Behold, I will send you grain, new wine, and oil, and you will be satisfied with them; and I will no more make you a reproach among the nations."
22332,Joel,29,2,20,"But I will remove the northern army far away from you, and will drive it into a barren and desolate land, its front into the eastern sea, and its back into the western sea; and its stench will come up, and its bad smell will rise."" Surely he has done great things."
22333,Joel,29,2,21,"Land, don't be afraid. Be glad and rejoice, for Yahweh has done great things."
22334,Joel,29,2,22,"Don't be afraid, you animals of the field; for the pastures of the wilderness spring up, for the tree bears its fruit. The fig tree and the vine yield their strength."
22337,Joel,29,2,25,"I will restore to you the years that the swarming locust has eaten, the great locust, the grasshopper, and the caterpillar, my great army, which I sent among you."
22339,Joel,29,2,27,"You will know that I am in the midst of Israel, and that I am Yahweh, your God, and there is no one else; and my people will never again be disappointed."
22340,Joel,29,2,28,"""It will happen afterward, that I will pour out my Spirit on all flesh; and your sons and your daughters will prophesy. Your old men will dream dreams. Your young men will see visions."
22341,Joel,29,2,29,"And also on the servants and on the handmaids in those days, I will pour out my Spirit."
22342,Joel,29,2,30,"I will show wonders in the heavens and in the earth: blood, fire, and pillars of smoke."
22346,Joel,29,3,2,"I will gather all nations, and will bring them down into the valley of Jehoshaphat; and I will execute judgment on them there for my people, and for my heritage, Israel, whom they have scattered among the nations. They have divided my land,"
22348,Joel,29,3,4,"""Yes, and what are you to me, Tyre, and Sidon, and all the regions of Philistia? Will you repay me? And if you repay me, I will swiftly and speedily return your repayment on your own head."
22351,Joel,29,3,7,"Behold, I will stir them up out of the place where you have sold them, and will return your repayment on your own head;"
22352,Joel,29,3,8,"and I will sell your sons and your daughters into the hands of the children of Judah, and they will sell them to the men of Sheba, to a faraway nation, for Yahweh has spoken it."""
22360,Joel,29,3,16,"Yahweh will roar from Zion, and thunder from Jerusalem; and the heavens and the earth will shake; but Yahweh will be a refuge to his people, and a stronghold to the children of Israel."
22361,Joel,29,3,17,"""So you will know that I am Yahweh, your God, dwelling in Zion, my holy mountain. Then Jerusalem will be holy, and no strangers will pass through her any more."
22365,Joel,29,3,21,"I will cleanse their blood, that I have not cleansed: for Yahweh dwells in Zion."""
22367,Amos,30,1,2,"He said: ""Yahweh will roar from Zion, and utter his voice from Jerusalem; and the pastures of the shepherds will mourn, and the top of Carmel will wither."""
22368,Amos,30,1,3,"Thus says Yahweh: ""For three transgressions of Damascus, yes, for four, I will not turn away its punishment; because they have threshed Gilead with threshing instruments of iron;"
22369,Amos,30,1,4,"but I will send a fire into the house of Hazael, and it will devour the palaces of Ben Hadad."
22370,Amos,30,1,5,"I will break the bar of Damascus, and cut off the inhabitant from the valley of Aven, and him who holds the scepter from the house of Eden; and the people of Syria shall go into captivity to Kir,"" says Yahweh."
22371,Amos,30,1,6,"Thus says Yahweh: ""For three transgressions of Gaza, yes, for four, I will not turn away its punishment; because they carried away captive the whole community, to deliver them up to Edom;"
22372,Amos,30,1,7,"but I will send a fire on the wall of Gaza, and it will devour its palaces."
22373,Amos,30,1,8,"I will cut off the inhabitant from Ashdod, and him who holds the scepter from Ashkelon; and I will turn my hand against Ekron; and the remnant of the Philistines will perish,"" says the Lord Yahweh."
22374,Amos,30,1,9,"Thus says Yahweh: ""For three transgressions of Tyre, yes, for four, I will not turn away its punishment; because they delivered up the whole community to Edom, and didn't remember the brotherly covenant;"
22375,Amos,30,1,10,"but I will send a fire on the wall of Tyre, and it will devour its palaces."""
22376,Amos,30,1,11,"Thus says Yahweh: ""For three transgressions of Edom, yes, for four, I will not turn away its punishment; because he pursued his brother with the sword, and cast off all pity, and his anger raged continually, and he kept his wrath forever;"
22377,Amos,30,1,12,"but I will send a fire on Teman, and it will devour the palaces of Bozrah."""
22378,Amos,30,1,13,"Thus says Yahweh: ""For three transgressions of the children of Ammon, yes, for four, I will not turn away its punishment; because they have ripped open the pregnant women of Gilead, that they may enlarge their border."
22379,Amos,30,1,14,"But I will kindle a fire in the wall of Rabbah, and it will devour its palaces, with shouting in the day of battle, with a storm in the day of the whirlwind;"
22381,Amos,30,2,1,"Thus says Yahweh: ""For three transgressions of Moab, yes, for four, I will not turn away its punishment; because he burned the bones of the king of Edom into lime;"
22382,Amos,30,2,2,"but I will send a fire on Moab, and it will devour the palaces of Kerioth; and Moab will die with tumult, with shouting, and with the sound of the trumpet;"
22383,Amos,30,2,3,"and I will cut off the judge from their midst, and will kill all its princes with him,"" says Yahweh."
22384,Amos,30,2,4,"Thus says Yahweh: ""For three transgressions of Judah, yes, for four, I will not turn away its punishment; because they have rejected Yahweh's law, and have not kept his statutes, and their lies have led them astray, after which their fathers walked;"
22385,Amos,30,2,5,"But I will send a fire on Judah, and it will devour the palaces of Jerusalem."""
22386,Amos,30,2,6,"Thus says Yahweh: ""For three transgressions of Israel, yes, for four, I will not turn away its punishment; because they have sold the righteous for silver, and the needy for a pair of shoes;"
22393,Amos,30,2,13,"Behold, I will crush you in your place, as a cart crushes that is full of grain."
22398,Amos,30,3,2,"""You only have I chosen of all the families of the earth. Therefore I will punish you for all of your sins."""
22403,Amos,30,3,7,"Surely the Lord Yahweh will do nothing, unless he reveals his secret to his servants the prophets."
22407,Amos,30,3,11,"Therefore thus says the Lord Yahweh: ""An adversary will overrun the land; and he will pull down your strongholds, and your fortresses will be plundered."""
22409,Amos,30,3,13,"""Listen, and testify against the house of Jacob,"" says the Lord Yahweh, the God of Armies."
22410,Amos,30,3,14,"""For in the day that I visit the transgressions of Israel on him, I will also visit the altars of Bethel; and the horns of the altar will be cut off, and fall to the ground."
22411,Amos,30,3,15,"I will strike the winter house with the summer house; and the houses of ivory will perish, and the great houses will have an end,"" says Yahweh."
22416,Amos,30,4,5,"offer a sacrifice of thanksgiving of that which is leavened, and proclaim free will offerings and brag about them: for this pleases you, you children of Israel,"" says the Lord Yahweh."
22423,Amos,30,4,12,"""Therefore thus will I do to you, Israel; because I will do this to you, prepare to meet your God, Israel."
22427,Amos,30,5,3,"For thus says the Lord Yahweh: ""The city that went forth a thousand shall have a hundred left, and that which went forth one hundred shall have ten left to the house of Israel."""
22441,Amos,30,5,17,"In all vineyards there will be wailing; for I will pass through the midst of you,"" says Yahweh."
22446,Amos,30,5,22,"Yes, though you offer me your burnt offerings and meal offerings, I will not accept them; neither will I regard the peace offerings of your fat animals."
22447,Amos,30,5,23,Take away from me the noise of your songs! I will not listen to the music of your harps.
22459,Amos,30,6,8,"""The Lord Yahweh has sworn by himself,"" says Yahweh, the God of Armies: ""I abhor the pride of Jacob, and detest his fortresses. Therefore I will deliver up the city with all that is in it."
22465,Amos,30,6,14,"For, behold, I will raise up against you a nation, house of Israel,"" says Yahweh, the God of Armies; ""and they will afflict you from the entrance of Hamath to the brook of the Arabah."""
22471,Amos,30,7,6,"Yahweh relented concerning this. ""This also shall not be,"" says the Lord Yahweh."
22473,Amos,30,7,8,"Yahweh said to me, ""Amos, what do you see?"" I said, ""A plumb line."" Then the Lord said, ""Behold, I will set a plumb line in the midst of my people Israel. I will not again pass by them any more."
22474,Amos,30,7,9,"The high places of Isaac will be desolate, the sanctuaries of Israel will be laid waste; and I will rise against the house of Jeroboam with the sword."""
22484,Amos,30,8,2,"He said, ""Amos, what do you see?"" I said, ""A basket of summer fruit."" Then Yahweh said to me, ""The end has come on my people Israel. I will not again pass by them any more."
22485,Amos,30,8,3,"The songs of the temple will be wailings in that day,"" says the Lord Yahweh. ""The dead bodies will be many. In every place they will throw them out with silence."
22489,Amos,30,8,7,"Yahweh has sworn by the pride of Jacob, ""Surely I will never forget any of their works."
22491,Amos,30,8,9,"It will happen in that day,"" says the Lord Yahweh, ""that I will cause the sun to go down at noon, and I will darken the earth in the clear day."
22492,Amos,30,8,10,"I will turn your feasts into mourning, and all your songs into lamentation; and I will make you wear sackcloth on all your bodies, and baldness on every head. I will make it like the mourning for an only son, and its end like a bitter day."
22493,Amos,30,8,11,"Behold, the days come,"" says the Lord Yahweh, ""that I will send a famine in the land, not a famine of bread, nor a thirst for water, but of hearing the words of Yahweh."
22497,Amos,30,9,1,"I saw the Lord standing beside the altar, and he said, ""Strike the tops of the pillars, that the thresholds may shake; and break them in pieces on the head of all of them; and I will kill the last of them with the sword: there shall not one of them flee away, and there shall not one of them escape."
22498,Amos,30,9,2,"Though they dig into Sheol, there my hand will take them; and though they climb up to heaven, there I will bring them down."
22499,Amos,30,9,3,"Though they hide themselves in the top of Carmel, I will search and take them out there; and though they be hidden from my sight in the bottom of the sea, there I will command the serpent, and it will bite them."
22500,Amos,30,9,4,"Though they go into captivity before their enemies, there I will command the sword, and it will kill them. I will set my eyes on them for evil, and not for good."
22504,Amos,30,9,8,"Behold, the eyes of the Lord Yahweh are on the sinful kingdom, and I will destroy it from off the surface of the earth; except that I will not utterly destroy the house of Jacob,"" says Yahweh."
22505,Amos,30,9,9,"""For, behold, I will command, and I will sift the house of Israel among all the nations, as grain is sifted in a sieve, yet not the least kernel will fall on the earth."
22507,Amos,30,9,11,"In that day I will raise up the tent of David who is fallen, and close up its breaches, and I will raise up its ruins, and I will build it as in the days of old;"
22510,Amos,30,9,14,"I will bring my people Israel back from captivity, and they will rebuild the ruined cities, and inhabit them; and they will plant vineyards, and drink wine from them. They shall also make gardens, and eat the fruit of them."
22511,Amos,30,9,15,"I will plant them on their land, and they will no more be plucked up out of their land which I have given them,"" says Yahweh your God."
22515,Obadiah,31,1,4,"Though you mount on high as the eagle, and though your nest is set among the stars, I will bring you down from there,"" says Yahweh."
22538,Jonah,32,1,6,"So the shipmaster came to him, and said to him, ""What do you mean, sleeper? Arise, call on your God! Maybe your God will notice us, so that we won't perish."""
22553,Jonah,32,2,4,"I said, 'I have been banished from your sight; yet I will look again toward your holy temple.'"
22558,Jonah,32,2,9,"But I will sacrifice to you with the voice of thanksgiving. I will pay that which I have vowed. Salvation belongs to Yahweh."""
22568,Jonah,32,3,9,"Who knows whether God will not turn and relent, and turn away from his fierce anger, so that we might not perish?"""
22586,Micah,33,1,6,"Therefore I will make Samaria like a rubble heap of the field, like places for planting vineyards; and I will pour down its stones into the valley, and I will uncover its foundations."
22588,Micah,33,1,8,"For this I will lament and wail; I will go stripped and naked; I will howl like the jackals, and moan like the daughters of owls."
22595,Micah,33,1,15,"I will yet bring to you, inhabitant of Mareshah. He who is the glory of Israel will come to Adullam."
22607,Micah,33,2,11,"If a man walking in a spirit of falsehood lies: ""I will prophesy to you of wine and of strong drink;"" he would be the prophet of this people."
22608,Micah,33,2,12,"I will surely assemble, Jacob, all of you; I will surely gather the remnant of Israel; I will put them together as the sheep of Bozrah, as a flock in the midst of their pasture; they will swarm with people."
22627,Micah,33,4,6,"""In that day,"" says Yahweh, ""I will assemble that which is lame, and I will gather that which is driven away, and that which I have afflicted;"
22628,Micah,33,4,7,"and I will make that which was lame a remnant, and that which was cast far off a strong nation: and Yahweh will reign over them on Mount Zion from then on, even forever."""
22631,Micah,33,4,10,"Be in pain, and labor to bring forth, daughter of Zion, like a woman in travail; for now you will go forth out of the city, and will dwell in the field, and will come even to Babylon. There you will be rescued. There Yahweh will redeem you from the hand of your enemies."
22634,Micah,33,4,13,"Arise and thresh, daughter of Zion; for I will make your horn iron, and I will make your hoofs brass; and you will beat in pieces many peoples: and I will devote their gain to Yahweh, and their substance to the Lord of the whole earth."
22644,Micah,33,5,10,"""It will happen in that day,"" says Yahweh, ""That I will cut off your horses out of the midst of you, and will destroy your chariots."
22645,Micah,33,5,11,"I will cut off the cities of your land, and will tear down all your strongholds."
22646,Micah,33,5,12,I will destroy witchcraft from your hand; and you shall have no soothsayers.
22647,Micah,33,5,13,I will cut off your engraved images and your pillars out of your midst; and you shall no more worship the work of your hands.
22648,Micah,33,5,14,I will uproot your Asherim out of your midst; and I will destroy your cities.
22649,Micah,33,5,15,"I will execute vengeance in anger, and wrath on the nations that didn't listen."""
22663,Micah,33,6,14,"You shall eat, but not be satisfied. Your humiliation will be in your midst. You will store up, but not save; and that which you save I will give up to the sword."
22672,Micah,33,7,7,"But as for me, I will look to Yahweh. I will wait for the God of my salvation. My God will hear me."
22673,Micah,33,7,8,"Don't rejoice against me, my enemy. When I fall, I will arise. When I sit in darkness, Yahweh will be a light to me."
22674,Micah,33,7,9,"I will bear the indignation of Yahweh, because I have sinned against him, until he pleads my case, and executes judgment for me. He will bring me forth to the light. I will see his righteousness."
22680,Micah,33,7,15,"""As in the days of your coming forth out of the land of Egypt, I will show them marvelous things."""
22697,Nahum,34,1,12,"Thus says Yahweh: ""Though they be in full strength, and likewise many, even so they will be cut down, and he shall pass away. Though I have afflicted you, I will afflict you no more."
22699,Nahum,34,1,14,"Yahweh has commanded concerning you: ""No more descendants will bear your name. Out of the house of your gods, will I cut off the engraved image and the molten image. I will make your grave, for you are vile."""
22713,Nahum,34,2,13,"""Behold, I am against you,"" says Yahweh of Armies, ""and I will burn her chariots in the smoke, and the sword will devour your young lions; and I will cut off your prey from the earth, and the voice of your messengers will no longer be heard."""
22718,Nahum,34,3,5,"""Behold, I am against you,"" says Yahweh of Armies, ""and I will lift your skirts over your face. I will show the nations your nakedness, and the kingdoms your shame."
22719,Nahum,34,3,6,"I will throw abominable filth on you, and make you vile, and will set you a spectacle."
22750,Habakkuk,35,2,1,"I will stand at my watch, and set myself on the ramparts, and will look out to see what he will say to me, and what I will answer concerning my complaint."
22787,Habakkuk,35,3,18,yet I will rejoice in Yahweh. I will be joyful in the God of my salvation!
22790,Zephaniah,36,1,2,"I will utterly sweep away everything off of the surface of the earth, says Yahweh."
22791,Zephaniah,36,1,3,"I will sweep away man and animal. I will sweep away the birds of the sky, the fish of the sea, and the heaps of rubble with the wicked. I will cut off man from the surface of the earth, says Yahweh."
22792,Zephaniah,36,1,4,"I will stretch out my hand against Judah, and against all the inhabitants of Jerusalem. I will cut off the remnant of Baal from this place: the name of the idolatrous and pagan priests,"
22796,Zephaniah,36,1,8,"It will happen in the day of Yahweh's sacrifice, that I will punish the princes, the king's sons, and all those who are clothed with foreign clothing."
22797,Zephaniah,36,1,9,"In that day, I will punish all those who leap over the threshold, who fill their master's house with violence and deceit."
22800,Zephaniah,36,1,12,"It will happen at that time, that I will search Jerusalem with lamps, and I will punish the men who are settled on their dregs, who say in their heart, ""Yahweh will not do good, neither will he do evil."""
22805,Zephaniah,36,1,17,"I will bring distress on men, that they will walk like blind men, because they have sinned against Yahweh, and their blood will be poured out like dust, and their flesh like dung."
22811,Zephaniah,36,2,5,"Woe to the inhabitants of the sea coast, the nation of the Cherethites! The word of Yahweh is against you, Canaan, the land of the Philistines. I will destroy you, that there will be no inhabitant."
22817,Zephaniah,36,2,11,"Yahweh will be awesome to them, for he will famish all the gods of the land. Men will worship him, everyone from his place, even all the shores of the nations."
22830,Zephaniah,36,3,9,"For then I will purify the lips of the peoples, that they may all call on the name of Yahweh, to serve him shoulder to shoulder."
22832,Zephaniah,36,3,11,"In that day you will not be disappointed for all your doings, in which you have transgressed against me; for then I will take away out of the midst of you your proudly exulting ones, and you will no more be haughty in my holy mountain."
22833,Zephaniah,36,3,12,"But I will leave in the midst of you an afflicted and poor people, and they will take refuge in the name of Yahweh."
22837,Zephaniah,36,3,16,"In that day, it will be said to Jerusalem, ""Don't be afraid, Zion. Don't let your hands be weak."""
22839,Zephaniah,36,3,18,I will remove those who grieve about the appointed feasts from you. They are a burden and a reproach to you.
22840,Zephaniah,36,3,19,"Behold, at that time I will deal with all those who afflict you, and I will save those who are lame, and gather those who were driven away. I will give them praise and honor, whose shame has been in all the earth."
22841,Zephaniah,36,3,20,"At that time will I bring you in, and at that time will I gather you; for I will give you honor and praise among all the peoples of the earth, when I restore your fortunes before your eyes, says Yahweh."
22849,Haggai,37,1,8,"Go up to the mountain, bring wood, and build the house. I will take pleasure in it, and I will be glorified,"" says Yahweh."
22854,Haggai,37,1,13,"Then Haggai, Yahweh's messenger, spoke Yahweh's message to the people, saying, ""I am with you,"" says Yahweh."
22860,Haggai,37,2,4,"Yet now be strong, Zerubbabel,' says Yahweh. 'Be strong, Joshua, son of Jehozadak, the high priest. Be strong, all you people of the land,' says Yahweh, 'and work, for I am with you,' says Yahweh of Armies."
22861,Haggai,37,2,5,"This is the word that I covenanted with you when you came out of Egypt, and my Spirit lived among you. 'Don't be afraid.'"
22862,Haggai,37,2,6,"For this is what Yahweh of Armies says: 'Yet once, it is a little while, and I will shake the heavens, the earth, the sea, and the dry land;"
22863,Haggai,37,2,7,"and I will shake all nations. The precious things of all nations will come, and I will fill this house with glory, says Yahweh of Armies."
22877,Haggai,37,2,21,"""Speak to Zerubbabel, governor of Judah, saying, 'I will shake the heavens and the earth."
22878,Haggai,37,2,22,"I will overthrow the throne of kingdoms. I will destroy the strength of the kingdoms of the nations. I will overthrow the chariots, and those who ride in them. The horses and their riders will come down, everyone by the sword of his brother."
22882,Zechariah,38,1,3,"Therefore tell them: Thus says Yahweh of Armies: 'Return to me,' says Yahweh of Armies, 'and I will return to you,' says Yahweh of Armies."
22888,Zechariah,38,1,9,"Then I asked, 'My lord, what are these?'"" The angel who talked with me said to me, ""I will show you what these are."""
22896,Zechariah,38,1,17,"""Proclaim further, saying, 'Thus says Yahweh of Armies: ""My cities will again overflow with prosperity, and Yahweh will again comfort Zion, and will again choose Jerusalem.""'"""
22905,Zechariah,38,2,5,"For I,' says Yahweh, 'will be to her a wall of fire around it, and I will be the glory in the midst of her."
22909,Zechariah,38,2,9,"For, behold, I will shake my hand over them, and they will be a spoil to those who served them; and you will know that Yahweh of Armies has sent me."
22910,Zechariah,38,2,10,"Sing and rejoice, daughter of Zion; for, behold, I come, and I will dwell in the midst of you,' says Yahweh."
22911,Zechariah,38,2,11,"Many nations shall join themselves to Yahweh in that day, and shall be my people; and I will dwell in the midst of you, and you shall know that Yahweh of Armies has sent me to you."
22912,Zechariah,38,2,12,"Yahweh will inherit Judah as his portion in the holy land, and will again choose Jerusalem."
22917,Zechariah,38,3,4,"He answered and spoke to those who stood before him, saying, ""Take the filthy garments off of him."" To him he said, ""Behold, I have caused your iniquity to pass from you, and I will clothe you with rich clothing."""
22920,Zechariah,38,3,7,"""Thus says Yahweh of Armies: 'If you will walk in my ways, and if you will follow my instructions, then you also shall judge my house, and shall also keep my courts, and I will give you a place of access among these who stand by."
22921,Zechariah,38,3,8,"Hear now, Joshua the high priest, you and your fellows who sit before you; for they are men who are a sign: for, behold, I will bring forth my servant, the Branch."
22922,Zechariah,38,3,9,"For, behold, the stone that I have set before Joshua; on one stone are seven eyes: behold, I will engrave its engraving,' says Yahweh of Armies, 'and I will remove the iniquity of that land in one day."
22941,Zechariah,38,5,4,"I will cause it to go out,"" says Yahweh of Armies, ""and it will enter into the house of the thief, and into the house of him who swears falsely by my name; and it will remain in the midst of his house, and will destroy it with its timber and its stones."""
22976,Zechariah,38,7,13,"It has come to pass that, as he called, and they refused to listen, so they will call, and I will not listen,"" said Yahweh of Armies;"
22977,Zechariah,38,7,14,"""but I will scatter them with a whirlwind among all the nations which they have not known. Thus the land was desolate after them, so that no man passed through nor returned: for they made the pleasant land desolate."""
22984,Zechariah,38,8,7,"Thus says Yahweh of Armies: ""Behold, I will save my people from the east country, and from the west country;"
22985,Zechariah,38,8,8,"and I will bring them, and they will dwell in the midst of Jerusalem; and they will be my people, and I will be their God, in truth and in righteousness."""
22988,Zechariah,38,8,11,"But now I will not be to the remnant of this people as in the former days,"" says Yahweh of Armies."
22989,Zechariah,38,8,12,"""For the seed of peace and the vine will yield its fruit, and the ground will give its increase, and the heavens will give their dew; and I will cause the remnant of this people to inherit all these things."
22990,Zechariah,38,8,13,"It shall come to pass that, as you were a curse among the nations, house of Judah and house of Israel, so will I save you, and you shall be a blessing. Don't be afraid. Let your hands be strong."""
22992,Zechariah,38,8,15,so again have I thought in these days to do good to Jerusalem and to the house of Judah. Don't be afraid.
22998,Zechariah,38,8,21,"and the inhabitants of one shall go to another, saying, 'Let us go speedily to entreat the favor of Yahweh, and to seek Yahweh of Armies. I will go also.'"
23004,Zechariah,38,9,4,"Behold, the Lord will dispossess her, and he will strike her power in the sea; and she will be devoured with fire."
23006,Zechariah,38,9,6,"Foreigners will dwell in Ashdod, and I will cut off the pride of the Philistines."
23007,Zechariah,38,9,7,"I will take away his blood out of his mouth, and his abominations from between his teeth; and he also will be a remnant for our God; and he will be as a chieftain in Judah, and Ekron as a Jebusite."
23008,Zechariah,38,9,8,"I will encamp around my house against the army, that none pass through or return; and no oppressor will pass through them any more: for now I have seen with my eyes."
23010,Zechariah,38,9,10,"I will cut off the chariot from Ephraim, and the horse from Jerusalem; and the battle bow will be cut off; and he will speak peace to the nations: and his dominion will be from sea to sea, and from the River to the ends of the earth."
23012,Zechariah,38,9,12,"Turn to the stronghold, you prisoners of hope! Even today I declare that I will restore double to you."
23013,Zechariah,38,9,13,"For indeed I bend Judah as a bow for me. I have filled the bow with Ephraim; and I will stir up your sons, Zion, against your sons, Greece, and will make you like the sword of a mighty man."
23014,Zechariah,38,9,14,"Yahweh will be seen over them; and his arrow will go flash like lightning; and the Lord Yahweh will blow the trumpet, and will go with whirlwinds of the south."
23016,Zechariah,38,9,16,"Yahweh their God will save them in that day as the flock of his people; for they are like the jewels of a crown, lifted on high over his land."
23020,Zechariah,38,10,3,"My anger is kindled against the shepherds, and I will punish the male goats; For Yahweh of Armies has visited his flock, the house of Judah, and will make them as his majestic horse in the battle."
23023,Zechariah,38,10,6,"""I will strengthen the house of Judah, and I will save the house of Joseph, and I will bring them back; for I have mercy on them; and they will be as though I had not cast them off: for I am Yahweh their God, and I will hear them."
23025,Zechariah,38,10,8,"I will signal for them, and gather them; for I have redeemed them; and they will increase as they have increased."
23026,Zechariah,38,10,9,"I will sow them among the peoples; and they will remember me in far countries; and they will live with their children, and will return."
23027,Zechariah,38,10,10,"I will bring them again also out of the land of Egypt, and gather them out of Assyria; and I will bring them into the land of Gilead and Lebanon; and there won't be room enough for them."
23029,Zechariah,38,10,12,"I will strengthen them in Yahweh; and they will walk up and down in his name,"" says Yahweh."
23035,Zechariah,38,11,6,"For I will no more pity the inhabitants of the land,"" says Yahweh; ""but, behold, I will deliver the men everyone into his neighbor's hand, and into the hand of his king. They will strike the land, and out of their hand I will not deliver them."""
23038,Zechariah,38,11,9,"Then I said, ""I will not feed you. That which dies, let it die; and that which is to be cut off, let it be cut off; and let those who are left eat each other's flesh."""
23045,Zechariah,38,11,16,"For, behold, I will raise up a shepherd in the land, who will not visit those who are cut off, neither will seek those who are scattered, nor heal that which is broken, nor feed that which is sound; but he will eat the flesh of the fat sheep, and will tear their hoofs in pieces."
23048,Zechariah,38,12,2,"""Behold, I will make Jerusalem a cup of reeling to all the surrounding peoples, and on Judah also will it be in the siege against Jerusalem."
23049,Zechariah,38,12,3,"It will happen in that day, that I will make Jerusalem a burdensome stone for all the peoples. All who burden themselves with it will be severely wounded, and all the nations of the earth will be gathered together against it."
23050,Zechariah,38,12,4,"In that day,"" says Yahweh, ""I will strike every horse with terror, and his rider with madness; and I will open my eyes on the house of Judah, and will strike every horse of the peoples with blindness."
23052,Zechariah,38,12,6,"In that day I will make the chieftains of Judah like a pan of fire among wood, and like a flaming torch among sheaves; and they will devour all the surrounding peoples, on the right hand and on the left; and Jerusalem will yet again dwell in their own place, even in Jerusalem."
23054,Zechariah,38,12,8,"In that day Yahweh will defend the inhabitants of Jerusalem. He who is feeble among them at that day will be like David, and the house of David will be like God, like the angel of Yahweh before them."
23055,Zechariah,38,12,9,"It will happen in that day, that I will seek to destroy all the nations that come against Jerusalem."
23056,Zechariah,38,12,10,"I will pour on the house of David, and on the inhabitants of Jerusalem, the spirit of grace and of supplication; and they will look to me whom they have pierced; and they shall mourn for him, as one mourns for his only son, and will grieve bitterly for him, as one grieves for his firstborn."
23062,Zechariah,38,13,2,"It will come to pass in that day, says Yahweh of Armies, that I will cut off the names of the idols out of the land, and they will be remembered no more. I will also cause the prophets and the spirit of impurity to pass out of the land."
23067,Zechariah,38,13,7,"""Awake, sword, against my shepherd, and against the man who is close to me,"" says Yahweh of Armies. ""Strike the shepherd, and the sheep will be scattered; and I will turn my hand against the little ones."
23069,Zechariah,38,13,9,"I will bring the third part into the fire, and will refine them as silver is refined, and will test them like gold is tested. They will call on my name, and I will hear them. I will say, 'It is my people;' and they will say, 'Yahweh is my God.'"""
23071,Zechariah,38,14,2,"For I will gather all nations against Jerusalem to battle; and the city will be taken, the houses rifled, and the women ravished. Half of the city will go out into captivity, and the rest of the people will not be cut off from the city."
23072,Zechariah,38,14,3,"Then Yahweh will go out and fight against those nations, as when he fought in the day of battle."
23078,Zechariah,38,14,9,"Yahweh will be King over all the earth. In that day Yahweh will be one, and his name one."
23081,Zechariah,38,14,12,"This will be the plague with which Yahweh will strike all the peoples who have warred against Jerusalem: their flesh will consume away while they stand on their feet, and their eyes will consume away in their sockets, and their tongue will consume away in their mouth."
23082,Zechariah,38,14,13,"It will happen in that day, that a great panic from Yahweh will be among them; and they will lay hold everyone on the hand of his neighbor, and his hand will rise up against the hand of his neighbor."
23087,Zechariah,38,14,18,"If the family of Egypt doesn't go up, and doesn't come, neither will it rain on them. This will be the plague with which Yahweh will strike the nations that don't go up to keep the feast of tents."
23094,Malachi,39,1,4,"Whereas Edom says, ""We are beaten down, but we will return and build the waste places;"" thus says Yahweh of Armies, ""They shall build, but I will throw down; and men will call them 'The Wicked Land,' even the people against whom Yahweh shows wrath forever."""
23106,Malachi,39,2,2,"If you will not listen, and if you will not lay it to heart, to give glory to my name,"" says Yahweh of Armies, ""then will I send the curse on you, and I will curse your blessings. Indeed, I have cursed them already, because you do not lay it to heart."
23107,Malachi,39,2,3,"Behold, I will rebuke your seed, and will spread dung on your faces, even the dung of your feasts; and you will be taken away with it."
23116,Malachi,39,2,12,"Yahweh will cut off, to the man who does this, him who wakes and him who answers, out of the tents of Jacob, and him who offers an offering to Yahweh of Armies."
23126,Malachi,39,3,5,"I will come near to you to judgment; and I will be a swift witness against the sorcerers, and against the adulterers, and against the perjurers, and against those who oppress the hireling in his wages, the widow, and the fatherless, and who deprive the foreigner of justice, and don't fear me,"" says Yahweh of Armies."
23128,Malachi,39,3,7,"From the days of your fathers you have turned aside from my ordinances, and have not kept them. Return to me, and I will return to you,"" says Yahweh of Armies. ""But you say, 'How shall we return?'"
23131,Malachi,39,3,10,"Bring the whole tithe into the storehouse, that there may be food in my house, and test me now in this,"" says Yahweh of Armies, ""if I will not open you the windows of heaven, and pour you out a blessing, that there shall not be room enough for."
23132,Malachi,39,3,11,"I will rebuke the devourer for your sakes, and he shall not destroy the fruits of your ground; neither shall your vine cast its fruit before its time in the field,"" says Yahweh of Armies."
23138,Malachi,39,3,17,"They shall be mine,"" says Yahweh of Armies, ""my own possession in the day that I make, and I will spare them, as a man spares his own son who serves him."
23144,Malachi,39,4,5,"Behold, I will send you Elijah the prophet before the great and terrible day of Yahweh comes."
23165,Matthew,40,1,20,"But when he thought about these things, behold, an angel of the Lord appeared to him in a dream, saying, ""Joseph, son of David, don't be afraid to take to yourself Mary, your wife, for that which is conceived in her is of the Holy Spirit."
23219,Matthew,40,4,9,"He said to him, ""I will give you all of these things, if you will fall down and worship me."""
23229,Matthew,40,4,19,"He said to them, ""Come after me, and I will make you fishers for men."""
23340,Matthew,40,7,23,"Then I will tell them, 'I never knew you. Depart from me, you who work iniquity.'"
23341,Matthew,40,7,24,"""Everyone therefore who hears these words of mine, and does them, I will liken him to a wise man, who built his house on a rock."
23353,Matthew,40,8,7,"Jesus said to him, ""I will come and heal him."""
23365,Matthew,40,8,19,"A scribe came, and said to him, ""Teacher, I will follow you wherever you go."""
23401,Matthew,40,9,21,"for she said within herself, ""If I just touch his garment, I will be made well."""
23444,Matthew,40,10,26,"Therefore don't be afraid of them, for there is nothing covered that will not be revealed; and hidden that will not be known."
23446,Matthew,40,10,28,"Don't be afraid of those who kill the body, but are not able to kill the soul. Rather, fear him who is able to destroy both soul and body in Gehenna."
23449,Matthew,40,10,31,Therefore don't be afraid. You are of more value than many sparrows.
23450,Matthew,40,10,32,"Everyone therefore who confesses me before men, him I will also confess before my Father who is in heaven."
23451,Matthew,40,10,33,"But whoever denies me before men, him I will also deny before my Father who is in heaven."
23466,Matthew,40,11,6,"Blessed is he who finds no occasion for stumbling in me."""
23488,Matthew,40,11,28,"""Come to me, all you who labor and are heavily burdened, and I will give you rest."
23508,Matthew,40,12,18,"""Behold, my servant whom I have chosen; my beloved in whom my soul is well pleased: I will put my Spirit on him. He will proclaim justice to the nations."
23534,Matthew,40,12,44,"Then he says, 'I will return into my house from which I came out,' and when he has come back, he finds it empty, swept, and put in order."
23570,Matthew,40,13,30,"Let both grow together until the harvest, and in the harvest time I will tell the reapers, ""First, gather up the darnel weeds, and bind them in bundles to burn them; but gather the wheat into my barn.""'"""
23575,Matthew,40,13,35,"that it might be fulfilled which was spoken through the prophet, saying, ""I will open my mouth in parables; I will utter things hidden from the foundation of the world."""
23625,Matthew,40,14,27,"But immediately Jesus spoke to them, saying ""Cheer up! It is I! Don't be afraid."""
23691,Matthew,40,16,18,"I also tell you that you are Peter, and on this rock I will build my assembly, and the gates of Hades will not prevail against it."
23692,Matthew,40,16,19,"I will give to you the keys of the Kingdom of Heaven, and whatever you bind on earth will have been bound in heaven; and whatever you release on earth will have been released in heaven."""
23708,Matthew,40,17,7,"Jesus came and touched them and said, ""Get up, and don't be afraid."""
23754,Matthew,40,18,26,"The servant therefore fell down and kneeled before him, saying, 'Lord, have patience with me, and I will repay you all!'"
23757,Matthew,40,18,29,"""So his fellow servant fell down at his feet and begged him, saying, 'Have patience with me, and I will repay you!'"
23797,Matthew,40,20,4,"To them he said, 'You also go into the vineyard, and whatever is right I will give you.' So they went their way."
23836,Matthew,40,21,9,"The multitudes who went before him, and who followed kept shouting, ""Hosanna to the son of David! Blessed is he who comes in the name of the Lord! Hosanna in the highest!"""
23870,Matthew,40,21,43,"""Therefore I tell you, the Kingdom of God will be taken away from you, and will be given to a nation bringing forth its fruit."
23905,Matthew,40,22,32,"'I am the God of Abraham, and the God of Isaac, and the God of Jacob?' God is not the God of the dead, but of the living."""
23958,Matthew,40,23,39,"For I tell you, you will not see me from now on, until you say, 'Blessed is he who comes in the name of the Lord!'"""
24004,Matthew,40,24,46,Blessed is that servant whom his lord finds doing so when he comes.
24030,Matthew,40,25,21,"""His lord said to him, 'Well done, good and faithful servant. You have been faithful over a few things, I will set you over many things. Enter into the joy of your lord.'"
24032,Matthew,40,25,23,"""His lord said to him, 'Well done, good and faithful servant. You have been faithful over a few things, I will set you over many things. Enter into the joy of your lord.'"
24073,Matthew,40,26,18,"He said, ""Go into the city to a certain person, and tell him, 'The Teacher says, ""My time is at hand. I will keep the Passover at your house with my disciples.""'"""
24084,Matthew,40,26,29,"But I tell you that I will not drink of this fruit of the vine from now on, until that day when I drink it anew with you in my Father's Kingdom."""
24086,Matthew,40,26,31,"Then Jesus said to them, ""All of you will be made to stumble because of me tonight, for it is written, 'I will strike the shepherd, and the sheep of the flock will be scattered.'"
24087,Matthew,40,26,32,"But after I am raised up, I will go before you into Galilee."""
24088,Matthew,40,26,33,"But Peter answered him, ""Even if all will be made to stumble because of you, I will never be made to stumble."""
24090,Matthew,40,26,35,"Peter said to him, ""Even if I must die with you, I will not deny you."" All of the disciples also said likewise."
24193,Matthew,40,27,63,"saying, ""Sir, we remember what that deceiver said while he was still alive: 'After three days I will rise again.'"
24201,Matthew,40,28,5,"The angel answered the women, ""Don't be afraid, for I know that you seek Jesus, who has been crucified."
24206,Matthew,40,28,10,"Then Jesus said to them, ""Don't be afraid. Go tell my brothers that they should go into Galilee, and there they will see me."""
24216,Matthew,40,28,20,"teaching them to observe all things that I commanded you. Behold, I am with you always, even to the end of the age."" Amen."
24233,Mark,41,1,17,"Jesus said to them, ""Come after me, and I will make you into fishers for men."""
24393,Mark,41,5,28,"For she said, ""If I just touch his clothes, I will be made well."""
24401,Mark,41,5,36,"But Jesus, when he heard the message spoken, immediately said to the ruler of the synagogue, ""Don't be afraid, only believe."""
24430,Mark,41,6,22,"When the daughter of Herodias herself came in and danced, she pleased Herod and those sitting with him. The king said to the young lady, ""Ask me whatever you want, and I will give it to you."""
24431,Mark,41,6,23,"He swore to her, ""Whatever you shall ask of me, I will give you, up to half of my kingdom."""
24458,Mark,41,6,50,"for they all saw him, and were troubled. But he immediately spoke with them, and said to them, ""Cheer up! It is I! Don't be afraid."""
24650,Mark,41,11,9,"Those who went in front, and those who followed, cried out, ""Hosanna! Blessed is he who comes in the name of the Lord!"
24651,Mark,41,11,10,"Blessed is the kingdom of our father David that is coming in the name of the Lord! Hosanna in the highest!"""
24670,Mark,41,11,29,"Jesus said to them, ""I will ask you one question. Answer me, and I will tell you by what authority I do these things."
24700,Mark,41,12,26,"But about the dead, that they are raised; haven't you read in the book of Moses, about the Bush, how God spoke to him, saying, 'I am the God of Abraham, the God of Isaac, and the God of Jacob'?"
24780,Mark,41,14,25,"Most certainly I tell you, I will no more drink of the fruit of the vine, until that day when I drink it anew in the Kingdom of God."""
24782,Mark,41,14,27,"Jesus said to them, ""All of you will be made to stumble because of me tonight, for it is written, 'I will strike the shepherd, and the sheep will be scattered.'"
24783,Mark,41,14,28,"However, after I am raised up, I will go before you into Galilee."""
24786,Mark,41,14,31,"But he spoke all the more, ""If I must die with you, I will not deny you."" They all said the same thing."
24813,Mark,41,14,58,"""We heard him say, 'I will destroy this temple that is made with hands, and in three days I will build another made without hands.'"""
24907,Luke,42,1,13,"But the angel said to him, ""Don't be afraid, Zacharias, because your request has been heard, and your wife, Elizabeth, will bear you a son, and you shall call his name John."
24924,Luke,42,1,30,"The angel said to her, ""Don't be afraid, Mary, for you have found favor with God."
24926,Luke,42,1,32,"He will be great, and will be called the Son of the Most High. The Lord God will give him the throne of his father, David,"
24936,Luke,42,1,42,"She called out with a loud voice, and said, ""Blessed are you among women, and blessed is the fruit of your womb!"
24939,Luke,42,1,45,"Blessed is she who believed, for there will be a fulfillment of the things which have been spoken to her from the Lord!"""
24984,Luke,42,2,10,"The angel said to them, ""Don't be afraid, for behold, I bring you good news of great joy which will be to all the people."
25070,Luke,42,4,6,"The devil said to him, ""I will give you all this authority, and their glory, for it has been delivered to me; and I give it to whomever I want."
25113,Luke,42,5,5,"Simon answered him, ""Master, we worked all night, and took nothing; but at your word I will let down the net."""
25118,Luke,42,5,10,"and so also were James and John, sons of Zebedee, who were partners with Simon. Jesus said to Simon, ""Don't be afraid. From now on you will be catching people alive."""
25156,Luke,42,6,9,"Then Jesus said to them, ""I will ask you something: Is it lawful on the Sabbath to do good, or to do harm? To save a life, or to kill?"""
25194,Luke,42,6,47,"Everyone who comes to me, and hears my words, and does them, I will show you who he is like."
25219,Luke,42,7,23,"Blessed is he who is not offended by me."""
25296,Luke,42,8,50,"But Jesus hearing it, answered him, ""Don't be afraid. Only believe, and she will be healed."""
25399,Luke,42,10,35,"On the next day, when he departed, he took out two denarii, and gave them to the host, and said to him, 'Take care of him. Whatever you spend beyond that, I will repay you when I return.'"
25430,Luke,42,11,24,"The unclean spirit, when he has gone out of the man, passes through dry places, seeking rest, and finding none, he says, 'I will turn back to my house from which I came out.'"
25433,Luke,42,11,27,"It came to pass, as he said these things, a certain woman out of the multitude lifted up her voice, and said to him, ""Blessed is the womb that bore you, and the breasts which nursed you!"""
25455,Luke,42,11,49,"Therefore also the wisdom of God said, 'I will send to them prophets and apostles; and some of them they will kill and persecute,"
25464,Luke,42,12,4,"""I tell you, my friends, don't be afraid of those who kill the body, and after that have no more that they can do."
25465,Luke,42,12,5,"But I will warn you whom you should fear. Fear him, who after he has killed, has power to cast into Gehenna. Yes, I tell you, fear him."
25467,Luke,42,12,7,But the very hairs of your head are all numbered. Therefore don't be afraid. You are of more value than many sparrows.
25478,Luke,42,12,18,"He said, 'This is what I will do. I will pull down my barns, and build bigger ones, and there I will store all my grain and my goods."
25479,Luke,42,12,19,"I will tell my soul, ""Soul, you have many goods laid up for many years. Take your ease, eat, drink, be merry.""'"
25492,Luke,42,12,32,"Don't be afraid, little flock, for it is your Father's good pleasure to give you the Kingdom."
25497,Luke,42,12,37,"Blessed are those servants, whom the lord will find watching when he comes. Most certainly I tell you, that he will dress himself, and make them recline, and will come and serve them."
25503,Luke,42,12,43,Blessed is that servant whom his lord will find doing so when he comes.
25554,Luke,42,13,35,"Behold, your house is left to you desolate. I tell you, you will not see me, until you say, 'Blessed is he who comes in the name of the Lord!'"""
25569,Luke,42,14,15,"When one of those who sat at the table with him heard these things, he said to him, ""Blessed is he who will feast in the Kingdom of God!"""
25607,Luke,42,15,18,"I will get up and go to my father, and will tell him, ""Father, I have sinned against heaven, and in your sight."
25625,Luke,42,16,4,"I know what I will do, so that when I am removed from management, they may receive me into their houses.'"
25694,Luke,42,18,5,"yet because this widow bothers me, I will defend her, or else she will wear me out by her continual coming.'"""
25770,Luke,42,19,38,"saying, ""Blessed is the King who comes in the name of the Lord! Peace in heaven, and glory in the highest!"""
25793,Luke,42,20,13,"The lord of the vineyard said, 'What shall I do? I will send my beloved son. It may be that seeing him, they will respect him.'"
25842,Luke,42,21,15,for I will give you a mouth and wisdom which all your adversaries will not be able to withstand or to contradict.
25881,Luke,42,22,16,"for I tell you, I will no longer by any means eat of it until it is fulfilled in the Kingdom of God."""
25883,Luke,42,22,18,"for I tell you, I will not drink at all again from the fruit of the vine, until the Kingdom of God comes."""
25952,Luke,42,23,16,"I will therefore chastise him and release him."""
25958,Luke,42,23,22,"He said to them the third time, ""Why? What evil has this man done? I have found no capital crime in him. I will therefore chastise him and release him."""
26115,John,43,2,19,"Jesus answered them, ""Destroy this temple, and in three days I will raise it up."""
26171,John,43,4,14,"but whoever drinks of the water that I will give him will never thirst again; but the water that I will give him will become in him a well of water springing up to eternal life."""
26256,John,43,5,45,"""Don't think that I will accuse you to the Father. There is one who accuses you, even Moses, on whom you have set your hope."
26278,John,43,6,20,"But he said to them, ""It is I. Don't be afraid."""
26295,John,43,6,37,All those who the Father gives me will come to me. Him who comes to me I will in no way throw out.
26298,John,43,6,40,"This is the will of the one who sent me, that everyone who sees the Son, and believes in him, should have eternal life; and I will raise him up at the last day."""
26302,John,43,6,44,"No one can come to me unless the Father who sent me draws him, and I will raise him up in the last day."
26309,John,43,6,51,"I am the living bread which came down out of heaven. If anyone eats of this bread, he will live forever. Yes, the bread which I will give for the life of the world is my flesh."""
26312,John,43,6,54,"He who eats my flesh and drinks my blood has eternal life, and I will raise him up at the last day."
26362,John,43,7,33,"Then Jesus said, ""I will be with you a little while longer, then I go to him who sent me."
26546,John,43,11,22,"Even now I know that, whatever you ask of God, God will give you."""
26594,John,43,12,13,"they took the branches of the palm trees, and went out to meet him, and cried out, ""Hosanna! Blessed is he who comes in the name of the Lord, the King of Israel!"""
26596,John,43,12,15,"""Don't be afraid, daughter of Zion. Behold, your King comes, sitting on a donkey's colt."""
26657,John,43,13,26,"Jesus therefore answered, ""It is he to whom I will give this piece of bread when I have dipped it."" So when he had dipped the piece of bread, he gave it to Judas, the son of Simon Iscariot."
26663,John,43,13,32,"If God has been glorified in him, God will also glorify him in himself, and he will glorify him immediately."
26664,John,43,13,33,"Little children, I will be with you a little while longer. You will seek me, and as I said to the Jews, 'Where I am going, you can't come,' so now I tell you."
26668,John,43,13,37,"Peter said to him, ""Lord, why can't I follow you now? I will lay down my life for you."""
26672,John,43,14,3,"If I go and prepare a place for you, I will come again, and will receive you to myself; that where I am, you may be there also."
26683,John,43,14,14,"If you will ask anything in my name, I will do it."
26685,John,43,14,16,"I will pray to the Father, and he will give you another Counselor, that he may be with you forever,--"
26687,John,43,14,18,I will not leave you orphans. I will come to you.
26690,John,43,14,21,"One who has my commandments, and keeps them, that person is one who loves me. One who loves me will be loved by my Father, and I will love him, and will reveal myself to him."""
26699,John,43,14,30,"I will no more speak much with you, for the prince of the world comes, and he has nothing in me."
26726,John,43,15,26,"""When the Counselor has come, whom I will send to you from the Father, the Spirit of truth, who proceeds from the Father, he will testify about me."
26734,John,43,16,7,"Nevertheless I tell you the truth: It is to your advantage that I go away, for if I don't go away, the Counselor won't come to you. But if I go, I will send him to you."
26749,John,43,16,22,"Therefore you now have sorrow, but I will see you again, and your heart will rejoice, and no one will take your joy away from you."
26752,John,43,16,25,"I have spoken these things to you in figures of speech. But the time is coming when I will no more speak to you in figures of speech, but will tell you plainly about the Father."
26753,John,43,16,26,"In that day you will ask in my name; and I don't say to you, that I will pray to the Father for you,"
26883,John,43,20,15,"Jesus said to her, ""Woman, why are you weeping? Who are you looking for?"" She, supposing him to be the gardener, said to him, ""Sir, if you have carried him away, tell me where you have laid him, and I will take him away."""
26893,John,43,20,25,"The other disciples therefore said to him, ""We have seen the Lord!"" But he said to them, ""Unless I see in his hands the print of the nails, and put my hand into his side, I will not believe."""
26967,Acts,44,2,17,"'It will be in the last days, says God, that I will pour out my Spirit on all flesh. Your sons and your daughters will prophesy. Your young men will see visions. Your old men will dream dreams."
26968,Acts,44,2,18,"Yes, and on my servants and on my handmaidens in those days, I will pour out my Spirit, and they will prophesy."
26969,Acts,44,2,19,"I will show wonders in the sky above, and signs on the earth beneath; blood, and fire, and billows of smoke."
26971,Acts,44,2,21,"It will be, that whoever will call on the name of the Lord will be saved.'"
26989,Acts,44,2,39,"For the promise is to you, and to your children, and to all who are far off, even as many as the Lord our God will call to himself."""
27019,Acts,44,3,22,"For Moses indeed said to the fathers, 'The Lord God will raise up a prophet for you from among your brothers, like me. You shall listen to him in all things whatever he says to you."
27120,Acts,44,7,3,"and said to him, 'Get out of your land, and from your relatives, and come into a land which I will show you.'"
27124,Acts,44,7,7,"'I will judge the nation to which they will be in bondage,' said God, 'and after that will they come out, and serve me in this place.'"
27149,Acts,44,7,32,"'I am the God of your fathers, the God of Abraham, the God of Isaac, and the God of Jacob.' Moses trembled, and dared not look."
27151,Acts,44,7,34,"I have surely seen the affliction of my people that is in Egypt, and have heard their groaning. I have come down to deliver them. Now come, I will send you into Egypt.'"
27154,Acts,44,7,37,"This is that Moses, who said to the children of Israel, 'The Lord our God will raise up a prophet for you from among your brothers, like me.'"
27160,Acts,44,7,43,"You took up the tabernacle of Moloch, the star of your god Rephan, the figures which you made to worship. I will carry you away beyond Babylon.'"
27166,Acts,44,7,49,"'heaven is my throne, and the earth a footstool for my feet. What kind of house will you build me?' says the Lord; 'or what is the place of my rest?"
27233,Acts,44,9,16,"For I will show him how many things he must suffer for my name's sake."""
27397,Acts,44,13,34,"""Concerning that he raised him up from the dead, now no more to return to corruption, he has spoken thus: 'I will give you the holy and sure blessings of David.'"
27459,Acts,44,15,16,"'After these things I will return. I will again build the tabernacle of David, which has fallen. I will again build its ruins. I will set it up,"
27460,Acts,44,15,17,"That the rest of men may seek after the Lord; All the Gentiles who are called by my name, Says the Lord, who does all these things."
27564,Acts,44,18,6,"When they opposed him and blasphemed, he shook out his clothing and said to them, ""Your blood be on your own heads! I am clean. From now on, I will go to the Gentiles!"""
27567,Acts,44,18,9,"The Lord said to Paul in the night by a vision, ""Don't be afraid, but speak and don't be silent;"
27568,Acts,44,18,10,"for I am with you, and no one will attack you to harm you, for I have many people in this city."""
27579,Acts,44,18,21,"but taking his leave of them, and saying, ""I must by all means keep this coming feast in Jerusalem, but I will return again to you if God wills,"" he set sail from Ephesus."
27726,Acts,44,22,21,"""He said to me, 'Depart, for I will send you out far from here to the Gentiles.'"""
27738,Acts,44,23,3,"Then Paul said to him, ""God will strike you, you whitewashed wall! Do you sit to judge me according to the law, and command me to be struck contrary to the law?"""
27770,Acts,44,23,35,"""I will hear you fully when your accusers also arrive."" He commanded that he be kept in Herod's palace."
27792,Acts,44,24,22,"But Felix, having more exact knowledge concerning the Way, deferred them, saying, ""When Lysias, the commanding officer, comes down, I will decide your case."""
27795,Acts,44,24,25,"As he reasoned about righteousness, self-control, and the judgment to come, Felix was terrified, and answered, ""Go your way for this time, and when it is convenient for me, I will summon you."""
27840,Acts,44,26,16,"But arise, and stand on your feet, for I have appeared to you for this purpose: to appoint you a servant and a witness both of the things which you have seen, and of the things which I will reveal to you;"
27880,Acts,44,27,24,"saying, 'Don't be afraid, Paul. You must stand before Caesar. Behold, God has granted you all those who sail with you.'"
27979,Romans,45,2,16,"in the day when God will judge the secrets of men, according to my Good News, by Jesus Christ."
28031,Romans,45,4,8,"Blessed is the man whom the Lord will by no means charge with sin."""
28171,Romans,45,9,15,"For he said to Moses, ""I will have mercy on whom I have mercy, and I will have compassion on whom I have compassion."""
28181,Romans,45,9,25,"As he says also in Hosea, ""I will call them 'my people,' which were not my people; and her 'beloved,' who was not beloved."""
28184,Romans,45,9,28,"for He will finish the work and cut it short in righteousness, because the LORD will make a short work upon the earth."""
28202,Romans,45,10,13,"For, ""Whoever will call on the name of the Lord will be saved."""
28208,Romans,45,10,19,"But I ask, didn't Israel know? First Moses says, ""I will provoke you to jealousy with that which is no nation, with a nation void of understanding I will make you angry."""
28237,Romans,45,11,27,"This is my covenant to them, when I will take away their sins."""
28265,Romans,45,12,19,"Don't seek revenge yourselves, beloved, but give place to God's wrath. For it is written, ""Vengeance belongs to me; I will repay, says the Lord."""
28292,Romans,45,14,11,"For it is written, ""'As I live,' says the Lord, 'to me every knee will bow. Every tongue will confess to God.'"""
28325,Romans,45,15,18,"For I will not dare to speak of any things except those which Christ worked through me, for the obedience of the Gentiles, by word and deed,"
28331,Romans,45,15,24,"whenever I journey to Spain, I will come to you. For I hope to see you on my journey, and to be helped on my way there by you, if first I may enjoy your company for a while."
28335,Romans,45,15,28,"When therefore I have accomplished this, and have sealed to them this fruit, I will go on by way of you to Spain."
28336,Romans,45,15,29,"I know that, when I come to you, I will come in the fullness of the blessing of the Good News of Christ."
28384,1 Corinthians,46,1,19,"For it is written, ""I will destroy the wisdom of the wise, I will bring the discernment of the discerning to nothing."""
28429,1 Corinthians,46,3,17,"If anyone destroys the temple of God, God will destroy him; for God's temple is holy, which you are."
28454,1 Corinthians,46,4,19,"But I will come to you shortly, if the Lord is willing. And I will know, not the word of those who are puffed up, but the power."
28481,1 Corinthians,46,6,12,"""All things are lawful for me,"" but not all things are expedient. ""All things are lawful for me,"" but I will not be brought under the power of anything."
28482,1 Corinthians,46,6,13,"""Foods for the belly, and the belly for foods,"" but God will bring to nothing both it and them. But the body is not for sexual immorality, but for the Lord; and the Lord for the body."
28542,1 Corinthians,46,8,13,"Therefore, if food causes my brother to stumble, I will eat no meat forevermore, that I don't cause my brother to stumble."
28629,1 Corinthians,46,11,27,Therefore whoever eats this bread or drinks the Lord's cup in a way unworthy of the Lord will be guilty of the body and the blood of the Lord.
28636,1 Corinthians,46,11,34,"But if anyone is hungry, let him eat at home, lest your coming together be for judgment. The rest I will set in order whenever I come."
28679,1 Corinthians,46,13,12,"For now we see in a mirror, dimly, but then face to face. Now I know in part, but then I will know fully, even as I was also fully known."
28695,1 Corinthians,46,14,15,"What is it then? I will pray with the spirit, and I will pray with the understanding also. I will sing with the spirit, and I will sing with the understanding also."
28701,1 Corinthians,46,14,21,"In the law it is written, ""By men of strange languages and by the lips of strangers I will speak to this people. Not even thus will they hear me, says the Lord."""
28781,1 Corinthians,46,16,3,"When I arrive, I will send whoever you approve with letters to carry your gracious gift to Jerusalem."
28783,1 Corinthians,46,16,5,"But I will come to you when I have passed through Macedonia, for I am passing through Macedonia."
28786,1 Corinthians,46,16,8,"But I will stay at Ephesus until Pentecost,"
28916,2 Corinthians,47,6,16,"What agreement has a temple of God with idols? For you are a temple of the living God. Even as God said, ""I will dwell in them, and walk in them; and I will be their God, and they will be my people."""
28917,2 Corinthians,47,6,17,"Therefore, ""'Come out from among them, and be separate,' says the Lord. 'Touch no unclean thing. I will receive you."
28918,2 Corinthians,47,6,18,"I will be to you a Father. You will be to me sons and daughters,' says the Lord Almighty."""
28981,2 Corinthians,47,10,8,"For though I should boast somewhat abundantly concerning our authority, (which the Lord gave for building you up, and not for casting you down) I will not be disappointed,"
29000,2 Corinthians,47,11,9,"When I was present with you and was in need, I wasn't a burden on anyone, for the brothers, when they came from Macedonia, supplied the measure of my need. In everything I kept myself from being burdensome to you, and I will continue to do so."
29003,2 Corinthians,47,11,12,"But what I do, that I will do, that I may cut off occasion from them that desire an occasion, that in which they boast, they may be found even as we."
29009,2 Corinthians,47,11,18,"Seeing that many boast after the flesh, I will also boast."
29021,2 Corinthians,47,11,30,"If I must boast, I will boast of the things that concern my weakness."
29025,2 Corinthians,47,12,1,It is doubtless not profitable for me to boast. For I will come to visions and revelations of the Lord.
29029,2 Corinthians,47,12,5,"On behalf of such a one I will boast, but on my own behalf I will not boast, except in my weaknesses."
29030,2 Corinthians,47,12,6,"For if I would desire to boast, I will not be foolish; for I will speak the truth. But I refrain, so that no man may think more of me than that which he sees in me, or hears from me."
29033,2 Corinthians,47,12,9,"He has said to me, ""My grace is sufficient for you, for my power is made perfect in weakness."" Most gladly therefore I will rather glory in my weaknesses, that the power of Christ may rest on me."
29038,2 Corinthians,47,12,14,"Behold, this is the third time I am ready to come to you, and I will not be a burden to you; for I seek not your possessions, but you. For the children ought not to save up for the parents, but the parents for the children."
29039,2 Corinthians,47,12,15,"I will most gladly spend and be spent for your souls. If I love you more abundantly, am I loved the less?"
29047,2 Corinthians,47,13,2,"I have said beforehand, and I do say beforehand, as when I was present the second time, so now, being absent, I write to those who have sinned before now, and to all the rest, that, if I come again, I will not spare;"
29383,Philippians,50,1,20,"according to my earnest expectation and hope, that I will in no way be disappointed, but with all boldness, as always, now also Christ will be magnified in my body, whether by life, or by death."
29438,Philippians,50,3,15,"Let us therefore, as many as are perfect, think this way. If in anything you think otherwise, God will also reveal that to you."
29463,Philippians,50,4,19,My God will supply every need of yours according to his riches in glory in Christ Jesus.
29619,1 Thessalonians,52,4,14,"For if we believe that Jesus died and rose again, even so God will bring with him those who have fallen asleep in Jesus."
29671,2 Thessalonians,53,2,8,"Then the lawless one will be revealed, whom the Lord will kill with the breath of his mouth, and destroy by the manifestation of his coming;"
29886,2 Timothy,55,4,14,"Alexander, the coppersmith, did much evil to me. The Lord will repay him according to his works,"
29890,2 Timothy,55,4,18,"And the Lord will deliver me from every evil work, and will preserve me for his heavenly Kingdom; to whom be the glory forever and ever. Amen."
29959,Philemon,57,1,19,"I, Paul, write this with my own hand: I will repay it (not to mention to you that you owe to me even your own self besides)."
29962,Philemon,57,1,22,"Also, prepare a guest room for me, for I hope that through your prayers I will be restored to you."
29970,Hebrews,58,1,5,"For to which of the angels did he say at any time, ""You are my Son. Today have I become your father?"" and again, ""I will be to him a Father, and he will be to me a Son?"""
29991,Hebrews,58,2,12,"saying, ""I will declare your name to my brothers. In the midst of the congregation I will sing your praise."""
29992,Hebrews,58,2,13,"Again, ""I will put my trust in him."" Again, ""Behold, here I am with the children whom God has given me."""
30060,Hebrews,58,6,14,"saying, ""Surely blessing I will bless you, and multiplying I will multiply you."""
30102,Hebrews,58,8,8,"For finding fault with them, he said, ""Behold, the days come,"" says the Lord, ""that I will make a new covenant with the house of Israel and with the house of Judah;"
30103,Hebrews,58,8,9,"not according to the covenant that I made with their fathers, in the day that I took them by the hand to lead them out of the land of Egypt; for they didn't continue in my covenant, and I disregarded them,"" says the Lord."
30104,Hebrews,58,8,10,"""For this is the covenant that I will make with the house of Israel. After those days,"" says the Lord; ""I will put my laws into their mind, I will also write them on their heart. I will be their God, and they will be my people."
30106,Hebrews,58,8,12,"For I will be merciful to their unrighteousness. I will remember their sins and lawless deeds no more."""
30151,Hebrews,58,10,16,"""This is the covenant that I will make with them: 'After those days,' says the Lord, 'I will put my laws on their heart, I will also write them on their mind;'"" then he says,"
30152,Hebrews,58,10,17,"""I will remember their sins and their iniquities no more."""
30165,Hebrews,58,10,30,"For we know him who said, ""Vengeance belongs to me,"" says the Lord, ""I will repay."" Again, ""The Lord will judge his people."""
30240,Hebrews,58,12,26,"whose voice shook the earth then, but now he has promised, saying, ""Yet once more I will shake not only the earth, but also the heavens."""
30247,Hebrews,58,13,4,"Let marriage be held in honor among all, and let the bed be undefiled: but God will judge the sexually immoral and adulterers."
30248,Hebrews,58,13,5,"Be free from the love of money, content with such things as you have, for he has said, ""I will in no way leave you, neither will I in any way forsake you."""
30249,Hebrews,58,13,6,"So that with good courage we say, ""The Lord is my helper. I will not fear. What can man do to me?"""
30266,Hebrews,58,13,23,"Know that our brother Timothy has been freed, with whom, if he comes shortly, I will see you."
30280,James,59,1,12,"Blessed is the man who endures temptation, for when he has been approved, he will receive the crown of life, which the Lord promised to those who love him."
30371,James,59,5,15,"and the prayer of faith will heal him who is sick, and the Lord will raise him up. If he has committed sins, he will be forgiven."
30493,2 Peter,61,1,12,"Therefore I will not be negligent to remind you of these things, though you know them, and are established in the present truth."
30496,2 Peter,61,1,15,"Yes, I will make every effort that you may always be able to remember these things even after my departure."
30534,2 Peter,61,3,10,"But the day of the Lord will come as a thief in the night; in which the heavens will pass away with a great noise, and the elements will be dissolved with fervent heat, and the earth and the works that are in it will be burned up."
30642,1 John,62,5,16,"If anyone sees his brother sinning a sin not leading to death, he shall ask, and God will give him life for those who sin not leading to death. There is a sin leading to death. I don't say that he should make a request concerning this."
30670,3 John,64,1,10,"Therefore, if I come, I will call attention to his deeds which he does, unjustly accusing us with wicked words. Not content with this, neither does he himself receive the brothers, and those who would, he forbids and throws out of the assembly."
30702,Revelation,66,1,3,"Blessed is he who reads and those who hear the words of the prophecy, and keep the things that are written in it, for the time is at hand."
30707,Revelation,66,1,8,"""I am the Alpha and the Omega,"" says the Lord God, ""who is and who was and who is to come, the Almighty."""
30716,Revelation,66,1,17,"When I saw him, I fell at his feet like a dead man. He laid his right hand on me, saying, ""Don't be afraid. I am the first and the last,"
30726,Revelation,66,2,7,"He who has an ear, let him hear what the Spirit says to the assemblies. To him who overcomes I will give to eat of the tree of life, which is in the Paradise of my God."
30729,Revelation,66,2,10,"Don't be afraid of the things which you are about to suffer. Behold, the devil is about to throw some of you into prison, that you may be tested; and you will have oppression for ten days. Be faithful to death, and I will give you the crown of life."
30735,Revelation,66,2,16,"Repent therefore, or else I am coming to you quickly, and I will make war against them with the sword of my mouth."
30736,Revelation,66,2,17,"He who has an ear, let him hear what the Spirit says to the assemblies. To him who overcomes, to him I will give of the hidden manna, and I will give him a white stone, and on the stone a new name written, which no one knows but he who receives it."
30741,Revelation,66,2,22,"Behold, I will throw her into a bed, and those who commit adultery with her into great oppression, unless they repent of her works."
30742,Revelation,66,2,23,"I will kill her children with Death, and all the assemblies will know that I am he who searches the minds and hearts. I will give to each one of you according to your deeds."
30745,Revelation,66,2,26,"He who overcomes, and he who keeps my works to the end, to him I will give authority over the nations."
30747,Revelation,66,2,28,and I will give him the morning star.
30751,Revelation,66,3,3,"Remember therefore how you have received and heard. Keep it, and repent. If therefore you won't watch, I will come as a thief, and you won't know what hour I will come upon you."
30753,Revelation,66,3,5,"He who overcomes will be arrayed in white garments, and I will in no way blot his name out of the book of life, and I will confess his name before my Father, and before his angels."
30757,Revelation,66,3,9,"Behold, I give of the synagogue of Satan, of those who say they are Jews, and they are not, but lie. Behold, I will make them to come and worship before your feet, and to know that I have loved you."
30760,Revelation,66,3,12,"He who overcomes, I will make him a pillar in the temple of my God, and he will go out from there no more. I will write on him the name of my God, and the name of the city of my God, the new Jerusalem, which comes down out of heaven from my God, and my own new name."
30764,Revelation,66,3,16,"So, because you are lukewarm, and neither hot nor cold, I will vomit you out of my mouth."
30768,Revelation,66,3,20,"Behold, I stand at the door and knock. If anyone hears my voice and opens the door, then I will come in to him, and will dine with him, and he with me."
30769,Revelation,66,3,21,"He who overcomes, I will give to him to sit down with me on my throne, as I also overcame, and sat down with my Father on his throne."
30771,Revelation,66,4,1,"After these things I looked and saw a door opened in heaven, and the first voice that I heard, like a trumpet speaking with me, was one saying, ""Come up here, and I will show you the things which must happen after this."""
30829,Revelation,66,7,17,"for the Lamb who is in the midst of the throne shepherds them, and leads them to springs of waters of life. And God will wipe away every tear from their eyes."""
30877,Revelation,66,11,3,"I will give power to my two witnesses, and they will prophesy one thousand two hundred sixty days, clothed in sackcloth."""
30971,Revelation,66,16,15,"""Behold, I come like a thief. Blessed is he who watches, and keeps his clothes, so that he doesn't walk naked, and they see his shame."""
30978,Revelation,66,17,1,"One of the seven angels who had the seven bowls came and spoke with me, saying, ""Come here. I will show you the judgment of the great prostitute who sits on many waters,"
30984,Revelation,66,17,7,"The angel said to me, ""Why do you wonder? I will tell you the mystery of the woman, and of the beast that carries her, which has the seven heads and the ten horns."
31061,Revelation,66,21,6,"He said to me, ""It is done! I am the Alpha and the Omega, the Beginning and the End. I will give freely to him who is thirsty from the spring of the water of life."
31062,Revelation,66,21,7,"He who overcomes, I will give him these things. I will be his God, and he will be my son."
31064,Revelation,66,21,9,"One of the seven angels who had the seven bowls, who were loaded with the seven last plagues came, and he spoke with me, saying, ""Come here. I will show you the wife, the Lamb's bride."""
31087,Revelation,66,22,5,"There will be no night, and they need no lamp light; for the Lord God will illuminate them. They will reign forever and ever."
31089,Revelation,66,22,7,"""Behold, I come quickly. Blessed is he who keeps the words of the prophecy of this book."""
